Measurement ID,549,,,,,,,,,,,,
Battery Name,LG HG2 18650_SN62A4,,,,,,,,,,,,
Battery Type,Li-ion,,,,,,,,,,,,
Circuit,Circuit001,,,,,,,,,,,,
Program,1744 - LG_HG2_NN_Char,,,,,,,,,,,,
Start Time,10/25/2018 4:08:59 AM,,,,,,,,,,,,
End Time,10/28/2018 11:02:52 AM,,,,,,,,,,,,
Test section,Charge,,,,,,,,,,,,
Comment,,,,,,,,,,,,,
OrderNo,,,,,,,,,,,,,
Producer, LG,,,,,,,,,,,,
Type, Li-ion,,,,,,,,,,,,
Nominal Voltage,3.7,,,,,,,,,,,,
Nominal Current,3,,,,,,,,,,,,
Nominal Capacity,3,,,,,,,,,,,,
Cells,1,,,,,,,,,,,,
Maximum Voltage,4.2,,,,,,,,,,,,
Gassing Voltage,0,,,,,,,,,,,,
Break Voltage,0,,,,,,,,,,,,
Charge Factor,0,,,,,,,,,,,,
Impedance,0.02,,,,,,,,,,,,
Cold Cranking Current,0,,,,,,,,,,,,
Energy Density,0,,,,,,,,,,,,
Comment,HG2 cell with 10AWG wire soldered  to cell,,,,,,,,,,,,
,,,,,,,,,,,,,
,,,,,,,,,,,,,
Time Stamp,Step,Status,Prog Time,Step Time,Cycle,Cycle Level,Procedure,Voltage,Current,Temperature,Capacity,WhAccu,Cnt
,,,,,,,,[V],[A],[C],[Ah],[Wh],[Cnt]
10/25/2018 4:09:59 AM,4,PAU,01:00.0,01:00.0,0,0,NN_Char_Charge,3.10125,0,23.97615,0,0,11
10/25/2018 4:10:59 AM,4,PAU,02:00.0,02:00.0,0,0,NN_Char_Charge,3.10192,0,23.87099,0,0,11
10/25/2018 4:11:59 AM,4,PAU,03:00.0,03:00.0,0,0,NN_Char_Charge,3.1026,0,23.97615,0,0,11
10/25/2018 4:12:59 AM,4,PAU,04:00.0,04:00.0,0,0,NN_Char_Charge,3.10344,0,23.87099,0,0,11
10/25/2018 4:13:59 AM,4,PAU,05:00.0,05:00.0,0,0,NN_Char_Charge,3.10412,0,23.97615,0,0,11
10/25/2018 4:14:59 AM,4,PAU,06:00.0,06:00.0,0,0,NN_Char_Charge,3.10462,0,23.97615,0,0,11
10/25/2018 4:15:59 AM,4,PAU,07:00.0,07:00.0,0,0,NN_Char_Charge,3.1053,0,23.97615,0,0,11
10/25/2018 4:16:59 AM,4,PAU,08:00.0,08:00.0,0,0,NN_Char_Charge,3.10597,0,23.97615,0,0,11
10/25/2018 4:17:59 AM,4,PAU,09:00.0,09:00.0,0,0,NN_Char_Charge,3.10648,0,23.87099,0,0,11
10/25/2018 4:18:59 AM,4,PAU,10:00.0,10:00.0,0,0,NN_Char_Charge,3.10715,0,23.97615,0,0,11
10/25/2018 4:19:59 AM,4,PAU,11:00.0,11:00.0,0,0,NN_Char_Charge,3.10766,0,23.87099,0,0,11
10/25/2018 4:20:59 AM,4,PAU,12:00.0,12:00.0,0,0,NN_Char_Charge,3.10833,0,23.87099,0,0,11
10/25/2018 4:21:59 AM,4,PAU,13:00.0,13:00.0,0,0,NN_Char_Charge,3.10884,0,23.87099,0,0,11
10/25/2018 4:22:59 AM,4,PAU,14:00.0,14:00.0,0,0,NN_Char_Charge,3.10934,0,23.87099,0,0,11
10/25/2018 4:23:59 AM,4,PAU,15:00.0,15:00.0,0,0,NN_Char_Charge,3.11002,0,23.97615,0,0,11
10/25/2018 4:24:59 AM,4,PAU,16:00.0,16:00.0,0,0,NN_Char_Charge,3.11052,0,23.97615,0,0,11
10/25/2018 4:25:59 AM,4,PAU,17:00.0,17:00.0,0,0,NN_Char_Charge,3.11103,0,23.87099,0,0,11
10/25/2018 4:26:59 AM,4,PAU,18:00.0,18:00.0,0,0,NN_Char_Charge,3.11136,0,23.97615,0,0,11
10/25/2018 4:27:59 AM,4,PAU,19:00.0,19:00.0,0,0,NN_Char_Charge,3.11187,0,23.87099,0,0,11
10/25/2018 4:28:59 AM,4,PAU,20:00.0,20:00.0,0,0,NN_Char_Charge,3.11238,0,23.87099,0,0,11
10/25/2018 4:29:59 AM,4,PAU,21:00.0,21:00.0,0,0,NN_Char_Charge,3.11288,0,23.87099,0,0,11
10/25/2018 4:30:59 AM,4,PAU,22:00.0,22:00.0,0,0,NN_Char_Charge,3.11339,0,23.87099,0,0,11
10/25/2018 4:31:59 AM,4,PAU,23:00.0,23:00.0,0,0,NN_Char_Charge,3.11372,0,23.97615,0,0,11
10/25/2018 4:32:59 AM,4,PAU,24:00.0,24:00.0,0,0,NN_Char_Charge,3.11423,0,23.97615,0,0,11
10/25/2018 4:33:59 AM,4,PAU,25:00.0,25:00.0,0,0,NN_Char_Charge,3.11474,0,23.97615,0,0,11
10/25/2018 4:34:59 AM,4,PAU,26:00.0,26:00.0,0,0,NN_Char_Charge,3.11507,0,23.87099,0,0,11
10/25/2018 4:35:59 AM,4,PAU,27:00.0,27:00.0,0,0,NN_Char_Charge,3.11558,0,23.97615,0,0,11
10/25/2018 4:36:59 AM,4,PAU,28:00.0,28:00.0,0,0,NN_Char_Charge,3.11592,0,23.87099,0,0,11
10/25/2018 4:37:59 AM,4,PAU,29:00.0,29:00.0,0,0,NN_Char_Charge,3.11625,0,23.87099,0,0,11
10/25/2018 4:38:59 AM,4,PAU,30:00.0,30:00.0,0,0,NN_Char_Charge,3.11676,0,23.97615,0,0,11
10/25/2018 4:39:59 AM,4,PAU,31:00.0,31:00.0,0,0,NN_Char_Charge,3.1171,0,23.87099,0,0,11
10/25/2018 4:40:59 AM,4,PAU,32:00.0,32:00.0,0,0,NN_Char_Charge,3.11743,0,23.87099,0,0,11
10/25/2018 4:41:59 AM,4,PAU,33:00.0,33:00.0,0,0,NN_Char_Charge,3.11777,0,23.87099,0,0,11
10/25/2018 4:42:59 AM,4,PAU,34:00.0,34:00.0,0,0,NN_Char_Charge,3.11811,0,23.97615,0,0,11
10/25/2018 4:43:59 AM,4,PAU,35:00.0,35:00.0,0,0,NN_Char_Charge,3.11844,0,23.87099,0,0,11
10/25/2018 4:44:59 AM,4,PAU,36:00.0,36:00.0,0,0,NN_Char_Charge,3.11878,0,23.76583,0,0,11
10/25/2018 4:45:59 AM,4,PAU,37:00.0,37:00.0,0,0,NN_Char_Charge,3.11912,0,23.97615,0,0,11
10/25/2018 4:46:59 AM,4,PAU,38:00.0,38:00.0,0,0,NN_Char_Charge,3.11946,0,23.87099,0,0,11
10/25/2018 4:47:59 AM,4,PAU,39:00.0,39:00.0,0,0,NN_Char_Charge,3.11996,0,23.87099,0,0,11
10/25/2018 4:48:59 AM,4,PAU,40:00.0,40:00.0,0,0,NN_Char_Charge,3.1203,0,23.87099,0,0,11
10/25/2018 4:49:59 AM,4,PAU,41:00.0,41:00.0,0,0,NN_Char_Charge,3.12047,0,23.97615,0,0,11
10/25/2018 4:50:59 AM,4,PAU,42:00.0,42:00.0,0,0,NN_Char_Charge,3.1208,0,23.76583,0,0,11
10/25/2018 4:51:59 AM,4,PAU,43:00.0,43:00.0,0,0,NN_Char_Charge,3.12114,0,23.87099,0,0,11
10/25/2018 4:52:59 AM,4,PAU,44:00.0,44:00.0,0,0,NN_Char_Charge,3.12148,0,23.97615,0,0,11
10/25/2018 4:53:59 AM,4,PAU,45:00.0,45:00.0,0,0,NN_Char_Charge,3.12182,0,24.0813,0,0,11
10/25/2018 4:54:59 AM,4,PAU,46:00.0,46:00.0,0,0,NN_Char_Charge,3.12215,0,23.87099,0,0,11
10/25/2018 4:55:59 AM,4,PAU,47:00.0,47:00.0,0,0,NN_Char_Charge,3.12249,0,23.87099,0,0,11
10/25/2018 4:56:59 AM,4,PAU,48:00.0,48:00.0,0,0,NN_Char_Charge,3.12266,0,23.97615,0,0,11
10/25/2018 4:57:59 AM,4,PAU,49:00.0,49:00.0,0,0,NN_Char_Charge,3.123,0,23.97615,0,0,11
10/25/2018 4:58:59 AM,4,PAU,50:00.0,50:00.0,0,0,NN_Char_Charge,3.12333,0,23.87099,0,0,11
10/25/2018 4:59:59 AM,4,PAU,51:00.0,51:00.0,0,0,NN_Char_Charge,3.12367,0,23.76583,0,0,11
10/25/2018 5:00:59 AM,4,PAU,52:00.0,52:00.0,0,0,NN_Char_Charge,3.12384,0,23.87099,0,0,11
10/25/2018 5:01:59 AM,4,PAU,53:00.0,53:00.0,0,0,NN_Char_Charge,3.12417,0,23.97615,0,0,11
10/25/2018 5:02:59 AM,4,PAU,54:00.0,54:00.0,0,0,NN_Char_Charge,3.12434,0,23.87099,0,0,11
10/25/2018 5:03:59 AM,4,PAU,55:00.0,55:00.0,0,0,NN_Char_Charge,3.12468,0,23.76583,0,0,11
10/25/2018 5:04:59 AM,4,PAU,56:00.0,56:00.0,0,0,NN_Char_Charge,3.12502,0,23.87099,0,0,11
10/25/2018 5:05:59 AM,4,PAU,57:00.0,57:00.0,0,0,NN_Char_Charge,3.12519,0,23.76583,0,0,11
10/25/2018 5:06:59 AM,4,PAU,58:00.0,58:00.0,0,0,NN_Char_Charge,3.12552,0,23.87099,0,0,11
10/25/2018 5:07:59 AM,4,PAU,59:00.0,59:00.0,0,0,NN_Char_Charge,3.12569,0,23.97615,0,0,11
10/25/2018 5:08:59 AM,4,PAU,00:00.0,00:00.0,0,0,NN_Char_Charge,3.12603,0,23.87099,0,0,11
10/25/2018 5:08:59 AM,4,PAU,00:00.0,00:00.0,0,0,NN_Char_Charge,3.12603,0,23.87099,0,0,11
10/25/2018 5:09:59 AM,5,CHA,01:00.0,01:00.0,0,0,NN_Char_Charge,3.41697,2.99853,23.87099,0.04989,0.16647,11
10/25/2018 5:10:59 AM,5,CHA,02:00.0,02:00.0,0,0,NN_Char_Charge,3.4967,2.99853,23.97615,0.09987,0.33948,11
10/25/2018 5:11:59 AM,5,CHA,03:00.0,03:00.0,0,0,NN_Char_Charge,3.52468,2.99853,24.29162,0.14985,0.51507,11
10/25/2018 5:12:59 AM,5,CHA,04:00.0,04:00.0,0,0,NN_Char_Charge,3.54457,3.00108,24.50194,0.19982,0.6917,11
10/25/2018 5:13:59 AM,5,CHA,05:00.0,05:00.0,0,0,NN_Char_Charge,3.56497,2.99853,24.50194,0.2498,0.86937,11
10/25/2018 5:14:59 AM,5,CHA,06:00.0,06:00.0,0,0,NN_Char_Charge,3.58469,2.99853,24.50194,0.29978,1.04805,11
10/25/2018 5:15:59 AM,5,CHA,07:00.0,07:00.0,0,0,NN_Char_Charge,3.60324,2.99853,24.6071,0.34976,1.22766,11
10/25/2018 5:16:59 AM,5,CHA,08:00.0,08:00.0,0,0,NN_Char_Charge,3.62077,2.99853,24.71226,0.39974,1.40818,11
10/25/2018 5:17:59 AM,5,CHA,09:00.0,09:00.0,0,0,NN_Char_Charge,3.63762,2.99853,24.92257,0.44972,1.58959,11
10/25/2018 5:18:59 AM,5,CHA,10:00.0,10:00.0,0,0,NN_Char_Charge,3.65364,2.99853,24.81741,0.4997,1.77178,11
10/25/2018 5:19:59 AM,5,CHA,11:00.0,11:00.0,0,0,NN_Char_Charge,3.6678,2.99853,24.71226,0.54967,1.95474,11
10/25/2018 5:20:59 AM,5,CHA,12:00.0,12:00.0,0,0,NN_Char_Charge,3.68027,2.99853,24.81741,0.59965,2.13836,11
10/25/2018 5:21:59 AM,5,CHA,13:00.0,13:00.0,0,0,NN_Char_Charge,3.69173,2.99853,24.81741,0.64963,2.32258,11
10/25/2018 5:22:59 AM,5,CHA,14:00.0,14:00.0,0,0,NN_Char_Charge,3.70336,2.99853,24.81741,0.6996,2.50738,11
10/25/2018 5:23:59 AM,5,CHA,15:00.0,15:00.0,0,0,NN_Char_Charge,3.7155,2.99853,24.81741,0.74958,2.69276,11
10/25/2018 5:24:59 AM,5,CHA,16:00.0,16:00.0,0,0,NN_Char_Charge,3.72797,2.99853,24.71226,0.79956,2.87876,11
10/25/2018 5:25:59 AM,5,CHA,17:00.0,17:00.0,0,0,NN_Char_Charge,3.74045,2.99853,24.81741,0.84953,3.06538,11
10/25/2018 5:26:59 AM,5,CHA,18:00.0,18:00.0,0,0,NN_Char_Charge,3.75258,2.99853,24.81741,0.89951,3.25262,11
10/25/2018 5:27:59 AM,5,CHA,19:00.0,19:00.0,0,0,NN_Char_Charge,3.76438,2.99853,24.81741,0.94949,3.44046,11
10/25/2018 5:28:59 AM,5,CHA,20:00.0,20:00.0,0,0,NN_Char_Charge,3.77618,2.99853,24.71226,0.99947,3.62891,11
10/25/2018 5:29:59 AM,5,CHA,21:00.0,21:00.0,0,0,NN_Char_Charge,3.78866,2.99853,24.81741,1.04945,3.81793,11
10/25/2018 5:30:59 AM,5,CHA,22:00.0,22:00.0,0,0,NN_Char_Charge,3.8018,2.99853,25.02773,1.09942,4.0076,11
10/25/2018 5:31:59 AM,5,CHA,23:00.0,23:00.0,0,0,NN_Char_Charge,3.81596,2.99853,24.92257,1.1494,4.19796,11
10/25/2018 5:32:59 AM,5,CHA,24:00.0,24:00.0,0,0,NN_Char_Charge,3.8313,2.99853,24.81741,1.19938,4.38903,11
10/25/2018 5:33:59 AM,5,CHA,25:00.0,25:00.0,0,0,NN_Char_Charge,3.84749,2.99853,25.02773,1.24935,4.58092,11
10/25/2018 5:34:59 AM,5,CHA,26:00.0,26:00.0,0,0,NN_Char_Charge,3.86468,2.99853,25.13289,1.29933,4.77362,11
10/25/2018 5:35:59 AM,5,CHA,27:00.0,27:00.0,0,0,NN_Char_Charge,3.88255,3.00108,25.02773,1.34931,4.96721,11
10/25/2018 5:36:59 AM,5,CHA,28:00.0,28:00.0,0,0,NN_Char_Charge,3.90075,2.99853,24.81741,1.39928,5.16171,11
10/25/2018 5:37:59 AM,5,CHA,29:00.0,29:00.0,0,0,NN_Char_Charge,3.91913,2.99853,25.02773,1.44926,5.35712,11
10/25/2018 5:38:59 AM,5,CHA,30:00.0,30:00.0,0,0,NN_Char_Charge,3.93716,2.99853,25.13289,1.49924,5.55343,11
10/25/2018 5:39:59 AM,5,CHA,31:00.0,31:00.0,0,0,NN_Char_Charge,3.95486,2.99853,25.02773,1.54921,5.75064,11
10/25/2018 5:40:59 AM,5,CHA,32:00.0,32:00.0,0,0,NN_Char_Charge,3.97222,2.99853,25.02773,1.59919,5.94873,11
10/25/2018 5:41:59 AM,5,CHA,33:00.0,33:00.0,0,0,NN_Char_Charge,3.98925,2.99853,25.02773,1.64917,6.14767,11
10/25/2018 5:42:59 AM,5,CHA,34:00.0,34:00.0,0,0,NN_Char_Charge,4.00577,2.99853,25.13289,1.69915,6.34747,11
10/25/2018 5:43:59 AM,5,CHA,35:00.0,35:00.0,0,0,NN_Char_Charge,4.02212,2.99853,25.13289,1.74914,6.54812,11
10/25/2018 5:44:59 AM,5,CHA,36:00.0,36:00.0,0,0,NN_Char_Charge,4.03847,2.99853,25.02773,1.79911,6.74953,11
10/25/2018 5:45:59 AM,5,CHA,37:00.0,37:00.0,0,0,NN_Char_Charge,4.05516,2.99853,25.02773,1.84909,6.95177,11
10/25/2018 5:46:59 AM,5,CHA,38:00.0,38:00.0,0,0,NN_Char_Charge,4.07235,2.99853,25.13289,1.89907,7.15489,11
10/25/2018 5:47:59 AM,5,CHA,39:00.0,39:00.0,0,0,NN_Char_Charge,4.09056,2.99853,25.13289,1.94905,7.35886,11
10/25/2018 5:48:59 AM,5,CHA,40:00.0,40:00.0,0,0,NN_Char_Charge,4.10994,2.99853,25.02773,1.99903,7.56378,11
10/25/2018 5:49:59 AM,5,CHA,41:00.0,41:00.0,0,0,NN_Char_Charge,4.13051,2.99853,25.02773,2.049,7.76969,11
10/25/2018 5:50:59 AM,5,CHA,42:00.0,42:00.0,0,0,NN_Char_Charge,4.15141,2.99853,25.23805,2.09898,7.97663,11
10/25/2018 5:51:59 AM,5,CHA,43:00.0,43:00.0,0,0,NN_Char_Charge,4.17231,2.99853,25.23805,2.14895,8.18463,11
10/25/2018 5:52:59 AM,5,CHA,44:00.0,44:00.0,0,0,NN_Char_Charge,4.19271,2.99853,25.13289,2.19893,8.39367,11
10/25/2018 5:53:59 AM,5,CHA,45:00.0,45:00.0,0,0,NN_Char_Charge,4.19995,2.66139,24.92257,2.2469,8.59508,11
10/25/2018 5:54:59 AM,5,CHA,46:00.0,46:00.0,0,0,NN_Char_Charge,4.19995,2.36766,25.13289,2.28865,8.77043,11
10/25/2018 5:55:59 AM,5,CHA,47:00.0,47:00.0,0,0,NN_Char_Charge,4.19995,2.16078,25.13289,2.32631,8.92859,11
10/25/2018 5:56:59 AM,5,CHA,48:00.0,48:00.0,0,0,NN_Char_Charge,4.19979,2.00242,24.92257,2.36096,9.07409,11
10/25/2018 5:57:59 AM,5,CHA,49:00.0,49:00.0,0,0,NN_Char_Charge,4.19979,1.86961,24.71226,2.3932,9.20951,11
10/25/2018 5:58:59 AM,5,CHA,50:00.0,50:00.0,0,0,NN_Char_Charge,4.19979,1.75468,24.71226,2.42338,9.33627,11
10/25/2018 5:59:59 AM,5,CHA,51:00.0,51:00.0,0,0,NN_Char_Charge,4.19979,1.65251,24.71226,2.45176,9.45546,11
10/25/2018 6:00:59 AM,5,CHA,52:00.0,52:00.0,0,0,NN_Char_Charge,4.19979,1.56056,24.71226,2.47852,9.56785,11
10/25/2018 6:01:59 AM,5,CHA,53:00.0,53:00.0,0,0,NN_Char_Charge,4.19979,1.46862,24.6071,2.50375,9.6738,11
10/25/2018 6:02:59 AM,5,CHA,54:00.0,54:00.0,0,0,NN_Char_Charge,4.19979,1.37667,24.29162,2.52745,9.77332,11
10/25/2018 6:03:59 AM,5,CHA,55:00.0,55:00.0,0,0,NN_Char_Charge,4.19979,1.28727,24.39678,2.54961,9.86641,11
10/25/2018 6:04:59 AM,5,CHA,56:00.0,56:00.0,0,0,NN_Char_Charge,4.19979,1.19533,24.6071,2.57028,9.95322,11
10/25/2018 6:05:59 AM,5,CHA,57:00.0,57:00.0,0,0,NN_Char_Charge,4.19979,1.10849,24.6071,2.58948,10.03382,11
10/25/2018 6:06:59 AM,5,CHA,58:00.0,58:00.0,0,0,NN_Char_Charge,4.19979,1.01654,24.50194,2.6072,10.10825,11
10/25/2018 6:07:59 AM,5,CHA,59:00.0,59:00.0,0,0,NN_Char_Charge,4.19979,0.9297,24.18646,2.62343,10.17641,11
10/25/2018 6:08:59 AM,5,CHA,00:00.0,00:00.0,0,0,NN_Char_Charge,4.19979,0.84286,24.18646,2.6382,10.23844,11
10/25/2018 6:09:59 AM,5,CHA,01:00.0,01:00.0,0,0,NN_Char_Charge,4.19979,0.76113,24.29162,2.65156,10.29456,11
10/25/2018 6:10:59 AM,5,CHA,02:00.0,02:00.0,0,0,NN_Char_Charge,4.19979,0.6845,24.29162,2.66361,10.34518,11
10/25/2018 6:11:59 AM,5,CHA,03:00.0,03:00.0,0,0,NN_Char_Charge,4.19979,0.61554,24.18646,2.67445,10.39068,11
10/25/2018 6:12:59 AM,5,CHA,04:00.0,04:00.0,0,0,NN_Char_Charge,4.19979,0.54913,24.0813,2.68414,10.43139,11
10/25/2018 6:13:59 AM,5,CHA,05:00.0,05:00.0,0,0,NN_Char_Charge,4.19979,0.48784,23.97615,2.69278,10.46768,11
10/25/2018 6:14:59 AM,5,CHA,06:00.0,06:00.0,0,0,NN_Char_Charge,4.19979,0.4342,23.97615,2.70047,10.49999,11
10/25/2018 6:15:59 AM,5,CHA,07:00.0,07:00.0,0,0,NN_Char_Charge,4.19979,0.38567,24.18646,2.70732,10.52876,11
10/25/2018 6:16:59 AM,5,CHA,08:00.0,08:00.0,0,0,NN_Char_Charge,4.19979,0.34481,24.0813,2.71342,10.55438,11
10/25/2018 6:17:59 AM,5,CHA,09:00.0,09:00.0,0,0,NN_Char_Charge,4.19979,0.30905,24.0813,2.71887,10.57724,11
10/25/2018 6:18:59 AM,5,CHA,10:00.0,10:00.0,0,0,NN_Char_Charge,4.19979,0.27329,23.97615,2.72372,10.59761,11
10/25/2018 6:19:59 AM,5,CHA,11:00.0,11:00.0,0,0,NN_Char_Charge,4.19979,0.24519,23.97615,2.72804,10.61577,11
10/25/2018 6:20:59 AM,5,CHA,12:00.0,12:00.0,0,0,NN_Char_Charge,4.19979,0.2171,24.0813,2.7319,10.63197,11
10/25/2018 6:21:59 AM,5,CHA,13:00.0,13:00.0,0,0,NN_Char_Charge,4.19979,0.19667,23.97615,2.73536,10.6465,11
10/25/2018 6:22:59 AM,5,CHA,14:00.0,14:00.0,0,0,NN_Char_Charge,4.19979,0.17623,23.97615,2.73846,10.65954,11
10/25/2018 6:23:59 AM,5,CHA,15:00.0,15:00.0,0,0,NN_Char_Charge,4.19979,0.15836,23.76583,2.74126,10.67128,11
10/25/2018 6:24:59 AM,5,CHA,16:00.0,16:00.0,0,0,NN_Char_Charge,4.19979,0.14303,23.87099,2.74379,10.68192,11
10/25/2018 6:25:59 AM,5,CHA,17:00.0,17:00.0,0,0,NN_Char_Charge,4.19979,0.13026,24.0813,2.74608,10.69153,11
10/25/2018 6:26:59 AM,5,CHA,18:00.0,18:00.0,0,0,NN_Char_Charge,4.19979,0.11749,23.87099,2.74816,10.70024,11
10/25/2018 6:27:59 AM,5,CHA,19:00.0,19:00.0,0,0,NN_Char_Charge,4.19979,0.10727,23.87099,2.75005,10.70818,11
10/25/2018 6:28:59 AM,5,CHA,20:00.0,20:00.0,0,0,NN_Char_Charge,4.19979,0.09961,23.87099,2.75177,10.71541,11
10/25/2018 6:29:59 AM,5,CHA,21:00.0,21:00.0,0,0,NN_Char_Charge,4.19979,0.08939,23.87099,2.75334,10.72201,11
10/25/2018 6:30:59 AM,5,CHA,22:00.0,22:00.0,0,0,NN_Char_Charge,4.19979,0.08429,23.97615,2.75479,10.72809,11
10/25/2018 6:31:59 AM,5,CHA,23:00.0,23:00.0,0,0,NN_Char_Charge,4.19979,0.07662,23.87099,2.75613,10.73371,11
10/25/2018 6:32:59 AM,5,CHA,24:00.0,24:00.0,0,0,NN_Char_Charge,4.19979,0.07152,23.97615,2.75736,10.73891,11
10/25/2018 6:33:59 AM,5,CHA,25:00.0,25:00.0,0,0,NN_Char_Charge,4.19979,0.06641,23.97615,2.75851,10.74372,11
10/25/2018 6:34:59 AM,5,CHA,26:00.0,26:00.0,0,0,NN_Char_Charge,4.19979,0.0613,23.97615,2.75957,10.74818,11
10/25/2018 6:35:59 AM,5,CHA,27:00.0,27:00.0,0,0,NN_Char_Charge,4.19979,0.05874,23.87099,2.76056,10.75235,11
10/25/2018 6:36:59 AM,5,CHA,28:00.0,28:00.0,0,0,NN_Char_Charge,4.19979,0.05364,23.97615,2.76148,10.75621,11
10/25/2018 6:37:59 AM,5,CHA,29:00.0,29:00.0,0,0,NN_Char_Charge,4.19979,0.05108,23.87099,2.76235,10.75985,11
10/25/2018 6:38:09 AM,5,CHA,29:09.5,29:09.5,0,0,NN_Char_Charge,4.19979,0.04853,23.87099,2.76248,10.76042,11
10/25/2018 6:39:09 AM,7,PAU,30:09.5,01:00.0,0,0,NN_Char_Charge,4.19726,0,23.76583,2.76248,10.76042,12
10/25/2018 6:39:09 AM,7,PAU,30:09.5,01:00.0,0,0,NN_Char_Charge,4.19726,0,23.76583,2.76248,10.76042,12
10/25/2018 6:40:09 AM,10,PAU,31:09.5,01:00.0,0,0,NN_Char_Charge,4.19641,0,23.76583,2.76248,10.76042,12
10/25/2018 6:41:09 AM,10,PAU,32:09.5,02:00.0,0,0,NN_Char_Charge,4.19574,0,23.87099,2.76248,10.76042,12
10/25/2018 6:42:09 AM,10,PAU,33:09.5,03:00.0,0,0,NN_Char_Charge,4.19523,0,23.97615,2.76248,10.76042,12
10/25/2018 6:43:09 AM,10,PAU,34:09.5,04:00.0,0,0,NN_Char_Charge,4.19473,0,23.87099,2.76248,10.76042,12
10/25/2018 6:44:09 AM,10,PAU,35:09.5,05:00.0,0,0,NN_Char_Charge,4.19422,0,23.76583,2.76248,10.76042,12
10/25/2018 6:45:09 AM,10,PAU,36:09.5,06:00.0,0,0,NN_Char_Charge,4.19389,0,23.87099,2.76248,10.76042,12
10/25/2018 6:46:09 AM,10,PAU,37:09.5,07:00.0,0,0,NN_Char_Charge,4.19355,0,23.97615,2.76248,10.76042,12
10/25/2018 6:47:09 AM,10,PAU,38:09.5,08:00.0,0,0,NN_Char_Charge,4.19304,0,23.76583,2.76248,10.76042,12
10/25/2018 6:48:09 AM,10,PAU,39:09.5,09:00.0,0,0,NN_Char_Charge,4.19271,0,23.66067,2.76248,10.76042,12
10/25/2018 6:49:09 AM,10,PAU,40:09.5,10:00.0,0,0,NN_Char_Charge,4.19254,0,23.87099,2.76248,10.76042,12
10/25/2018 6:50:09 AM,10,PAU,41:09.5,11:00.0,0,0,NN_Char_Charge,4.1922,0,23.97615,2.76248,10.76042,12
10/25/2018 6:51:09 AM,10,PAU,42:09.5,12:00.0,0,0,NN_Char_Charge,4.19186,0,23.97615,2.76248,10.76042,12
10/25/2018 6:52:09 AM,10,PAU,43:09.5,13:00.0,0,0,NN_Char_Charge,4.19169,0,23.55551,2.76248,10.76042,12
10/25/2018 6:53:09 AM,10,PAU,44:09.5,14:00.0,0,0,NN_Char_Charge,4.19136,0,23.97615,2.76248,10.76042,12
10/25/2018 6:54:09 AM,10,PAU,45:09.5,15:00.0,0,0,NN_Char_Charge,4.19119,0,24.0813,2.76248,10.76042,12
10/25/2018 6:55:09 AM,10,PAU,46:09.5,16:00.0,0,0,NN_Char_Charge,4.19085,0,23.55551,2.76248,10.76042,12
10/25/2018 6:56:09 AM,10,PAU,47:09.5,17:00.0,0,0,NN_Char_Charge,4.19068,0,23.55551,2.76248,10.76042,12
10/25/2018 6:57:09 AM,10,PAU,48:09.5,18:00.0,0,0,NN_Char_Charge,4.19051,0,24.0813,2.76248,10.76042,12
10/25/2018 6:58:09 AM,10,PAU,49:09.5,19:00.0,0,0,NN_Char_Charge,4.19018,0,24.18646,2.76248,10.76042,12
10/25/2018 6:59:09 AM,10,PAU,50:09.5,20:00.0,0,0,NN_Char_Charge,4.19001,0,23.34519,2.76248,10.76042,12
10/25/2018 7:00:09 AM,10,PAU,51:09.5,21:00.0,0,0,NN_Char_Charge,4.18984,0,23.66067,2.76248,10.76042,12
10/25/2018 7:01:09 AM,10,PAU,52:09.5,22:00.0,0,0,NN_Char_Charge,4.18967,0,24.0813,2.76248,10.76042,12
10/25/2018 7:02:09 AM,10,PAU,53:09.5,23:00.0,0,0,NN_Char_Charge,4.1895,0,24.18646,2.76248,10.76042,12
10/25/2018 7:03:09 AM,10,PAU,54:09.5,24:00.0,0,0,NN_Char_Charge,4.18933,0,23.55551,2.76248,10.76042,12
10/25/2018 7:04:09 AM,10,PAU,55:09.5,25:00.0,0,0,NN_Char_Charge,4.18917,0,23.66067,2.76248,10.76042,12
10/25/2018 7:05:09 AM,10,PAU,56:09.5,26:00.0,0,0,NN_Char_Charge,4.189,0,23.97615,2.76248,10.76042,12
10/25/2018 7:06:09 AM,10,PAU,57:09.5,27:00.0,0,0,NN_Char_Charge,4.18883,0,24.29162,2.76248,10.76042,12
10/25/2018 7:07:09 AM,10,PAU,58:09.5,28:00.0,0,0,NN_Char_Charge,4.18883,0,23.97615,2.76248,10.76042,12
10/25/2018 7:08:09 AM,10,PAU,59:09.5,29:00.0,0,0,NN_Char_Charge,4.18866,0,23.55551,2.76248,10.76042,12
10/25/2018 7:09:09 AM,10,PAU,00:09.5,30:00.0,0,0,NN_Char_Charge,4.18849,0,23.66067,2.76248,10.76042,12
10/25/2018 7:10:09 AM,10,PAU,01:09.5,31:00.0,0,0,NN_Char_Charge,4.18832,0,24.0813,2.76248,10.76042,12
10/25/2018 7:11:09 AM,10,PAU,02:09.5,32:00.0,0,0,NN_Char_Charge,4.18815,0,24.18646,2.76248,10.76042,12
10/25/2018 7:12:09 AM,10,PAU,03:09.5,33:00.0,0,0,NN_Char_Charge,4.18799,0,23.97615,2.76248,10.76042,12
10/25/2018 7:13:09 AM,10,PAU,04:09.5,34:00.0,0,0,NN_Char_Charge,4.18799,0,23.66067,2.76248,10.76042,12
10/25/2018 7:14:09 AM,10,PAU,05:09.5,35:00.0,0,0,NN_Char_Charge,4.18782,0,23.66067,2.76248,10.76042,12
10/25/2018 7:15:09 AM,10,PAU,06:09.5,36:00.0,0,0,NN_Char_Charge,4.18765,0,23.97615,2.76248,10.76042,12
10/25/2018 7:16:09 AM,10,PAU,07:09.5,37:00.0,0,0,NN_Char_Charge,4.18765,0,23.97615,2.76248,10.76042,12
10/25/2018 7:17:09 AM,10,PAU,08:09.5,38:00.0,0,0,NN_Char_Charge,4.18748,0,23.97615,2.76248,10.76042,12
10/25/2018 7:18:09 AM,10,PAU,09:09.5,39:00.0,0,0,NN_Char_Charge,4.18731,0,23.66067,2.76248,10.76042,12
10/25/2018 7:19:09 AM,10,PAU,10:09.5,40:00.0,0,0,NN_Char_Charge,4.18714,0,23.76583,2.76248,10.76042,12
10/25/2018 7:20:09 AM,10,PAU,11:09.5,41:00.0,0,0,NN_Char_Charge,4.18714,0,23.87099,2.76248,10.76042,12
10/25/2018 7:21:09 AM,10,PAU,12:09.5,42:00.0,0,0,NN_Char_Charge,4.18697,0,23.97615,2.76248,10.76042,12
10/25/2018 7:22:09 AM,10,PAU,13:09.5,43:00.0,0,0,NN_Char_Charge,4.18697,0,23.87099,2.76248,10.76042,12
10/25/2018 7:23:09 AM,10,PAU,14:09.5,44:00.0,0,0,NN_Char_Charge,4.18681,0,23.66067,2.76248,10.76042,12
10/25/2018 7:24:09 AM,10,PAU,15:09.5,45:00.0,0,0,NN_Char_Charge,4.18664,0,23.76583,2.76248,10.76042,12
10/25/2018 7:25:09 AM,10,PAU,16:09.5,46:00.0,0,0,NN_Char_Charge,4.18664,0,24.18646,2.76248,10.76042,12
10/25/2018 7:26:09 AM,10,PAU,17:09.5,47:00.0,0,0,NN_Char_Charge,4.18647,0,24.0813,2.76248,10.76042,12
10/25/2018 7:27:09 AM,10,PAU,18:09.5,48:00.0,0,0,NN_Char_Charge,4.1863,0,23.76583,2.76248,10.76042,12
10/25/2018 7:28:09 AM,10,PAU,19:09.5,49:00.0,0,0,NN_Char_Charge,4.1863,0,23.76583,2.76248,10.76042,12
10/25/2018 7:29:09 AM,10,PAU,20:09.5,50:00.0,0,0,NN_Char_Charge,4.18613,0,24.18646,2.76248,10.76042,12
10/25/2018 7:30:09 AM,10,PAU,21:09.5,51:00.0,0,0,NN_Char_Charge,4.18613,0,23.97615,2.76248,10.76042,12
10/25/2018 7:31:09 AM,10,PAU,22:09.5,52:00.0,0,0,NN_Char_Charge,4.18596,0,23.55551,2.76248,10.76042,12
10/25/2018 7:32:09 AM,10,PAU,23:09.5,53:00.0,0,0,NN_Char_Charge,4.18596,0,23.97615,2.76248,10.76042,12
10/25/2018 7:33:09 AM,10,PAU,24:09.5,54:00.0,0,0,NN_Char_Charge,4.18579,0,24.29162,2.76248,10.76042,12
10/25/2018 7:34:09 AM,10,PAU,25:09.5,55:00.0,0,0,NN_Char_Charge,4.18579,0,23.55551,2.76248,10.76042,12
10/25/2018 7:35:09 AM,10,PAU,26:09.5,56:00.0,0,0,NN_Char_Charge,4.18563,0,23.76583,2.76248,10.76042,12
10/25/2018 7:36:09 AM,10,PAU,27:09.5,57:00.0,0,0,NN_Char_Charge,4.18563,0,24.0813,2.76248,10.76042,12
10/25/2018 7:37:09 AM,10,PAU,28:09.5,58:00.0,0,0,NN_Char_Charge,4.18546,0,24.29162,2.76248,10.76042,12
10/25/2018 7:38:09 AM,10,PAU,29:09.5,59:00.0,0,0,NN_Char_Charge,4.18546,0,23.55551,2.76248,10.76042,12
10/25/2018 7:39:09 AM,10,PAU,30:09.5,00:00.0,0,0,NN_Char_Charge,4.18529,0,23.87099,2.76248,10.76042,12
10/25/2018 7:39:09 AM,10,PAU,30:09.5,00:00.0,0,0,NN_Char_Charge,4.18529,0,23.87099,2.76248,10.76042,12
10/25/2018 7:39:39 AM,17,PAU,30:39.5,00:30.0,0,0,LG_HG2_NN_Char,4.18529,0,24.0813,0,0,12
10/26/2018 5:57:25 AM,4,PAU,48:22.2,01:00.0,0,0,NN_Char_Charge,2.90808,0,24.29162,0,0,12
10/26/2018 5:58:25 AM,4,PAU,49:22.2,02:00.0,0,0,NN_Char_Charge,2.92274,0,24.0813,0,0,12
10/26/2018 5:59:25 AM,4,PAU,50:22.2,03:00.0,0,0,NN_Char_Charge,2.931,0,23.97615,0,0,12
10/26/2018 6:00:25 AM,4,PAU,51:22.2,04:00.0,0,0,NN_Char_Charge,2.93673,0,23.87099,0,0,12
10/26/2018 6:01:25 AM,4,PAU,52:22.2,05:00.0,0,0,NN_Char_Charge,2.94128,0,24.0813,0,0,12
10/26/2018 6:02:25 AM,4,PAU,53:22.2,06:00.0,0,0,NN_Char_Charge,2.94499,0,24.18646,0,0,12
10/26/2018 6:03:25 AM,4,PAU,54:22.2,07:00.0,0,0,NN_Char_Charge,2.94803,0,24.0813,0,0,12
10/26/2018 6:04:25 AM,4,PAU,55:22.2,08:00.0,0,0,NN_Char_Charge,2.95089,0,23.76583,0,0,12
10/26/2018 6:05:25 AM,4,PAU,56:22.2,09:00.0,0,0,NN_Char_Charge,2.95342,0,23.66067,0,0,12
10/26/2018 6:06:25 AM,4,PAU,57:22.2,10:00.0,0,0,NN_Char_Charge,2.95544,0,23.87099,0,0,12
10/26/2018 6:07:25 AM,4,PAU,58:22.2,11:00.0,0,0,NN_Char_Charge,2.95746,0,24.29162,0,0,12
10/26/2018 6:08:25 AM,4,PAU,59:22.2,12:00.0,0,0,NN_Char_Charge,2.95932,0,24.18646,0,0,12
10/26/2018 6:09:25 AM,4,PAU,00:22.2,13:00.0,0,0,NN_Char_Charge,2.961,0,23.97615,0,0,12
10/26/2018 6:10:25 AM,4,PAU,01:22.2,14:00.0,0,0,NN_Char_Charge,2.96252,0,23.76583,0,0,12
10/26/2018 6:11:25 AM,4,PAU,02:22.2,15:00.0,0,0,NN_Char_Charge,2.96404,0,23.66067,0,0,12
10/26/2018 6:12:25 AM,4,PAU,03:22.2,16:00.0,0,0,NN_Char_Charge,2.96556,0,23.76583,0,0,12
10/26/2018 6:13:25 AM,4,PAU,04:22.2,17:00.0,0,0,NN_Char_Charge,2.96674,0,23.97615,0,0,12
10/26/2018 6:14:25 AM,4,PAU,05:22.2,18:00.0,0,0,NN_Char_Charge,2.96792,0,24.0813,0,0,12
10/26/2018 6:15:25 AM,4,PAU,06:22.2,19:00.0,0,0,NN_Char_Charge,2.9691,0,23.87099,0,0,12
10/26/2018 6:16:25 AM,4,PAU,07:22.2,20:00.0,0,0,NN_Char_Charge,2.97028,0,23.87099,0,0,12
10/26/2018 6:17:25 AM,4,PAU,08:22.2,21:00.0,0,0,NN_Char_Charge,2.97146,0,23.76583,0,0,12
10/26/2018 6:18:25 AM,4,PAU,09:22.2,22:00.0,0,0,NN_Char_Charge,2.97247,0,23.66067,0,0,12
10/26/2018 6:19:25 AM,4,PAU,10:22.2,23:00.0,0,0,NN_Char_Charge,2.97348,0,23.66067,0,0,12
10/26/2018 6:20:25 AM,4,PAU,11:22.2,24:00.0,0,0,NN_Char_Charge,2.97449,0,23.87099,0,0,12
10/26/2018 6:21:25 AM,4,PAU,12:22.2,25:00.0,0,0,NN_Char_Charge,2.97533,0,23.76583,0,0,12
10/26/2018 6:22:25 AM,4,PAU,13:22.2,26:00.0,0,0,NN_Char_Charge,2.97618,0,23.97615,0,0,12
10/26/2018 6:23:25 AM,4,PAU,14:22.2,27:00.0,0,0,NN_Char_Charge,2.97702,0,23.87099,0,0,12
10/26/2018 6:24:25 AM,4,PAU,15:22.2,28:00.0,0,0,NN_Char_Charge,2.97786,0,23.87099,0,0,12
10/26/2018 6:25:25 AM,4,PAU,16:22.2,29:00.0,0,0,NN_Char_Charge,2.9787,0,23.87099,0,0,12
10/26/2018 6:26:25 AM,4,PAU,17:22.2,30:00.0,0,0,NN_Char_Charge,2.97938,0,23.97615,0,0,12
10/26/2018 6:27:25 AM,4,PAU,18:22.2,31:00.0,0,0,NN_Char_Charge,2.98005,0,23.97615,0,0,12
10/26/2018 6:28:25 AM,4,PAU,19:22.2,32:00.0,0,0,NN_Char_Charge,2.9809,0,23.87099,0,0,12
10/26/2018 6:29:25 AM,4,PAU,20:22.2,33:00.0,0,0,NN_Char_Charge,2.98157,0,23.76583,0,0,12
10/26/2018 6:30:25 AM,4,PAU,21:22.2,34:00.0,0,0,NN_Char_Charge,2.98224,0,23.66067,0,0,12
10/26/2018 6:31:25 AM,4,PAU,22:22.2,35:00.0,0,0,NN_Char_Charge,2.98292,0,23.76583,0,0,12
10/26/2018 6:32:25 AM,4,PAU,23:22.2,36:00.0,0,0,NN_Char_Charge,2.98359,0,23.87099,0,0,12
10/26/2018 6:33:25 AM,4,PAU,24:22.2,37:00.0,0,0,NN_Char_Charge,2.98427,0,23.87099,0,0,12
10/26/2018 6:34:25 AM,4,PAU,25:22.2,38:00.0,0,0,NN_Char_Charge,2.98494,0,23.76583,0,0,12
10/26/2018 6:35:25 AM,4,PAU,26:22.2,39:00.0,0,0,NN_Char_Charge,2.98545,0,23.87099,0,0,12
10/26/2018 6:36:25 AM,4,PAU,27:22.2,40:00.0,0,0,NN_Char_Charge,2.98612,0,23.87099,0,0,12
10/26/2018 6:37:25 AM,4,PAU,28:22.2,41:00.0,0,0,NN_Char_Charge,2.98663,0,23.76583,0,0,12
10/26/2018 6:38:25 AM,4,PAU,29:22.2,42:00.0,0,0,NN_Char_Charge,2.98713,0,23.76583,0,0,12
10/26/2018 6:39:25 AM,4,PAU,30:22.2,43:00.0,0,0,NN_Char_Charge,2.98781,0,23.76583,0,0,12
10/26/2018 6:40:25 AM,4,PAU,31:22.2,44:00.0,0,0,NN_Char_Charge,2.98831,0,23.97615,0,0,12
10/26/2018 6:41:25 AM,4,PAU,32:22.2,45:00.0,0,0,NN_Char_Charge,2.98882,0,23.87099,0,0,12
10/26/2018 6:42:25 AM,4,PAU,33:22.2,46:00.0,0,0,NN_Char_Charge,2.98932,0,23.76583,0,0,12
10/26/2018 6:43:25 AM,4,PAU,34:22.2,47:00.0,0,0,NN_Char_Charge,2.98983,0,23.66067,0,0,12
10/26/2018 6:44:25 AM,4,PAU,35:22.2,48:00.0,0,0,NN_Char_Charge,2.99033,0,23.87099,0,0,12
10/26/2018 6:45:25 AM,4,PAU,36:22.2,49:00.0,0,0,NN_Char_Charge,2.99084,0,23.97615,0,0,12
10/26/2018 6:46:25 AM,4,PAU,37:22.2,50:00.0,0,0,NN_Char_Charge,2.99118,0,23.76583,0,0,12
10/26/2018 6:47:25 AM,4,PAU,38:22.2,51:00.0,0,0,NN_Char_Charge,2.99168,0,23.76583,0,0,12
10/26/2018 6:48:25 AM,4,PAU,39:22.2,52:00.0,0,0,NN_Char_Charge,2.99219,0,23.76583,0,0,12
10/26/2018 6:49:25 AM,4,PAU,40:22.2,53:00.0,0,0,NN_Char_Charge,2.99269,0,23.97615,0,0,12
10/26/2018 6:50:25 AM,4,PAU,41:22.2,54:00.0,0,0,NN_Char_Charge,2.99303,0,23.87099,0,0,12
10/26/2018 6:51:25 AM,4,PAU,42:22.2,55:00.0,0,0,NN_Char_Charge,2.99354,0,23.76583,0,0,12
10/26/2018 6:52:25 AM,4,PAU,43:22.2,56:00.0,0,0,NN_Char_Charge,2.99387,0,23.76583,0,0,12
10/26/2018 6:53:25 AM,4,PAU,44:22.2,57:00.0,0,0,NN_Char_Charge,2.99438,0,23.87099,0,0,12
10/26/2018 6:54:25 AM,4,PAU,45:22.2,58:00.0,0,0,NN_Char_Charge,2.99472,0,24.0813,0,0,12
10/26/2018 6:55:25 AM,4,PAU,46:22.2,59:00.0,0,0,NN_Char_Charge,2.99522,0,23.97615,0,0,12
10/26/2018 6:56:25 AM,4,PAU,47:22.2,00:00.0,0,0,NN_Char_Charge,2.99556,0,23.76583,0,0,12
10/26/2018 6:56:25 AM,4,PAU,47:22.2,00:00.0,0,0,NN_Char_Charge,2.99556,0,23.76583,0,0,12
10/26/2018 6:57:25 AM,5,CHA,48:22.2,01:00.0,0,0,NN_Char_Charge,3.35477,2.99853,23.76583,0.04998,0.16253,12
10/26/2018 6:58:25 AM,5,CHA,49:22.2,02:00.0,0,0,NN_Char_Charge,3.46063,2.99853,23.97615,0.09996,0.33313,12
10/26/2018 6:59:25 AM,5,CHA,50:22.2,03:00.0,0,0,NN_Char_Charge,3.51086,2.99853,24.39678,0.14993,0.50753,12
10/26/2018 7:00:25 AM,5,CHA,51:22.2,04:00.0,0,0,NN_Char_Charge,3.52957,2.99853,24.6071,0.19991,0.68349,12
10/26/2018 7:01:25 AM,5,CHA,52:22.2,05:00.0,0,0,NN_Char_Charge,3.54879,2.99853,24.29162,0.24989,0.86037,12
10/26/2018 7:02:25 AM,5,CHA,53:22.2,06:00.0,0,0,NN_Char_Charge,3.56851,2.99853,24.39678,0.29987,1.03823,12
10/26/2018 7:03:25 AM,5,CHA,54:22.2,07:00.0,0,0,NN_Char_Charge,3.58739,2.99853,24.81741,0.34984,1.21705,12
10/26/2018 7:04:25 AM,5,CHA,55:22.2,08:00.0,0,0,NN_Char_Charge,3.60509,2.99853,25.02773,0.39982,1.39678,12
10/26/2018 7:05:25 AM,5,CHA,56:22.2,09:00.0,0,0,NN_Char_Charge,3.62211,2.99853,24.92257,0.4498,1.57738,12
10/26/2018 7:06:25 AM,5,CHA,57:22.2,10:00.0,0,0,NN_Char_Charge,3.6388,2.99853,24.6071,0.49977,1.75881,12
10/26/2018 7:07:25 AM,5,CHA,58:22.2,11:00.0,0,0,NN_Char_Charge,3.65465,2.99853,24.71226,0.54975,1.94108,12
10/26/2018 7:08:25 AM,5,CHA,59:22.2,12:00.0,0,0,NN_Char_Charge,3.66881,2.99853,24.6071,0.59973,2.12408,12
10/26/2018 7:09:25 AM,5,CHA,00:22.2,13:00.0,0,0,NN_Char_Charge,3.68094,2.99853,24.81741,0.6497,2.30775,12
10/26/2018 7:10:25 AM,5,CHA,01:22.2,14:00.0,0,0,NN_Char_Charge,3.69224,2.99853,24.81741,0.69968,2.49199,12
10/26/2018 7:11:25 AM,5,CHA,02:22.2,15:00.0,0,0,NN_Char_Charge,3.70387,2.99853,24.81741,0.74966,2.67681,12
10/26/2018 7:12:25 AM,5,CHA,03:22.2,16:00.0,0,0,NN_Char_Charge,3.71584,2.99853,24.71226,0.79963,2.8622,12
10/26/2018 7:13:25 AM,5,CHA,04:22.2,17:00.0,0,0,NN_Char_Charge,3.72814,2.99853,24.71226,0.84961,3.04821,12
10/26/2018 7:14:25 AM,5,CHA,05:22.2,18:00.0,0,0,NN_Char_Charge,3.74078,2.99853,24.6071,0.89958,3.23484,12
10/26/2018 7:15:25 AM,5,CHA,06:22.2,19:00.0,0,0,NN_Char_Charge,3.75275,2.99853,24.71226,0.94956,3.4221,12
10/26/2018 7:16:25 AM,5,CHA,07:22.2,20:00.0,0,0,NN_Char_Charge,3.76455,2.99853,24.92257,0.99954,3.60995,12
10/26/2018 7:17:25 AM,5,CHA,08:22.2,21:00.0,0,0,NN_Char_Charge,3.77635,2.99853,24.92257,1.04951,3.79837,12
10/26/2018 7:18:25 AM,5,CHA,09:22.2,22:00.0,0,0,NN_Char_Charge,3.78866,2.99853,24.92257,1.09949,3.9874,12
10/26/2018 7:19:25 AM,5,CHA,10:22.2,23:00.0,0,0,NN_Char_Charge,3.8018,2.99853,24.71226,1.14947,4.17707,12
10/26/2018 7:20:25 AM,5,CHA,11:22.2,24:00.0,0,0,NN_Char_Charge,3.8158,2.99853,24.71226,1.19944,4.36741,12
10/26/2018 7:21:25 AM,5,CHA,12:22.2,25:00.0,0,0,NN_Char_Charge,3.83113,2.99853,24.81741,1.24942,4.5585,12
10/26/2018 7:22:25 AM,5,CHA,13:22.2,26:00.0,0,0,NN_Char_Charge,3.84732,2.99853,24.92257,1.2994,4.75037,12
10/26/2018 7:23:25 AM,5,CHA,14:22.2,27:00.0,0,0,NN_Char_Charge,3.86434,2.99853,24.92257,1.34937,4.94306,12
10/26/2018 7:24:25 AM,5,CHA,15:22.2,28:00.0,0,0,NN_Char_Charge,3.88238,3.00108,24.81741,1.39935,5.13664,12
10/26/2018 7:25:25 AM,5,CHA,16:22.2,29:00.0,0,0,NN_Char_Charge,3.90058,2.99853,24.81741,1.44932,5.33111,12
10/26/2018 7:26:25 AM,5,CHA,17:22.2,30:00.0,0,0,NN_Char_Charge,3.91879,3.00108,25.02773,1.4993,5.52651,12
10/26/2018 7:27:25 AM,5,CHA,18:22.2,31:00.0,0,0,NN_Char_Charge,3.93682,2.99853,25.02773,1.54928,5.72281,12
10/26/2018 7:28:25 AM,5,CHA,19:22.2,32:00.0,0,0,NN_Char_Charge,3.95452,2.99853,24.92257,1.59926,5.92,12
10/26/2018 7:29:25 AM,5,CHA,20:22.2,33:00.0,0,0,NN_Char_Charge,3.97205,2.99853,24.81741,1.64923,6.11808,12
10/26/2018 7:30:25 AM,5,CHA,21:22.2,34:00.0,0,0,NN_Char_Charge,3.98908,2.99853,24.92257,1.69921,6.31701,12
10/26/2018 7:31:25 AM,5,CHA,22:22.2,35:00.0,0,0,NN_Char_Charge,4.0056,2.99853,25.13289,1.74919,6.51678,12
10/26/2018 7:32:25 AM,5,CHA,23:22.2,36:00.0,0,0,NN_Char_Charge,4.02178,2.99853,25.02773,1.79916,6.71737,12
10/26/2018 7:33:25 AM,5,CHA,24:22.2,37:00.0,0,0,NN_Char_Charge,4.03796,2.99853,24.81741,1.84914,6.91879,12
10/26/2018 7:34:25 AM,5,CHA,25:22.2,38:00.0,0,0,NN_Char_Charge,4.05482,2.99853,24.81741,1.89912,7.12101,12
10/26/2018 7:35:25 AM,5,CHA,26:22.2,39:00.0,0,0,NN_Char_Charge,4.07218,2.99853,24.92257,1.9491,7.3241,12
10/26/2018 7:36:25 AM,5,CHA,27:22.2,40:00.0,0,0,NN_Char_Charge,4.09022,2.99853,25.13289,1.99907,7.52805,12
10/26/2018 7:37:25 AM,5,CHA,28:22.2,41:00.0,0,0,NN_Char_Charge,4.10927,2.99853,25.13289,2.04905,7.73294,12
10/26/2018 7:38:25 AM,5,CHA,29:22.2,42:00.0,0,0,NN_Char_Charge,4.12916,2.99853,25.13289,2.09902,7.9388,12
10/26/2018 7:39:25 AM,5,CHA,30:22.2,43:00.0,0,0,NN_Char_Charge,4.14989,2.99853,25.02773,2.149,8.14568,12
10/26/2018 7:40:25 AM,5,CHA,31:22.2,44:00.0,0,0,NN_Char_Charge,4.17096,2.99853,24.92257,2.19898,8.35361,12
10/26/2018 7:41:25 AM,5,CHA,32:22.2,45:00.0,0,0,NN_Char_Charge,4.19136,2.99853,25.02773,2.24895,8.56257,12
10/26/2018 7:42:25 AM,5,CHA,33:22.2,46:00.0,0,0,NN_Char_Charge,4.19995,2.68948,25.23805,2.2973,8.76552,12
10/26/2018 7:43:25 AM,5,CHA,34:22.2,47:00.0,0,0,NN_Char_Charge,4.19995,2.38554,25.13289,2.33942,8.94242,12
10/26/2018 7:44:25 AM,5,CHA,35:22.2,48:00.0,0,0,NN_Char_Charge,4.19995,2.171,25.02773,2.37731,9.10155,12
10/26/2018 7:45:25 AM,5,CHA,36:22.2,49:00.0,0,0,NN_Char_Charge,4.19979,2.00498,24.81741,2.41205,9.24745,12
10/26/2018 7:46:25 AM,5,CHA,37:22.2,50:00.0,0,0,NN_Char_Charge,4.19979,1.87217,24.71226,2.44432,9.38297,12
10/26/2018 7:47:25 AM,5,CHA,38:22.2,51:00.0,0,0,NN_Char_Charge,4.19979,1.75468,24.6071,2.47451,9.50979,12
10/26/2018 7:48:25 AM,5,CHA,39:22.2,52:00.0,0,0,NN_Char_Charge,4.19979,1.65251,24.6071,2.50291,9.62904,12
10/26/2018 7:49:25 AM,5,CHA,40:22.2,53:00.0,0,0,NN_Char_Charge,4.19979,1.56056,24.71226,2.52968,9.74149,12
10/26/2018 7:50:25 AM,5,CHA,41:22.2,54:00.0,0,0,NN_Char_Charge,4.19979,1.46862,24.6071,2.55493,9.84752,12
10/26/2018 7:51:25 AM,5,CHA,42:22.2,55:00.0,0,0,NN_Char_Charge,4.19979,1.37922,24.39678,2.57867,9.94723,12
10/26/2018 7:52:25 AM,5,CHA,43:22.2,56:00.0,0,0,NN_Char_Charge,4.19979,1.28983,24.29162,2.60092,10.04066,12
10/26/2018 7:53:25 AM,5,CHA,44:22.2,57:00.0,0,0,NN_Char_Charge,4.19979,1.20043,24.50194,2.62168,10.12788,12
10/26/2018 7:54:25 AM,5,CHA,45:22.2,58:00.0,0,0,NN_Char_Charge,4.19979,1.11359,24.50194,2.64098,10.20891,12
10/26/2018 7:55:25 AM,5,CHA,46:22.2,59:00.0,0,0,NN_Char_Charge,4.19979,1.02931,24.29162,2.65881,10.2838,12
10/26/2018 7:56:25 AM,5,CHA,47:22.2,00:00.0,0,0,NN_Char_Charge,4.19979,0.93991,24.0813,2.67518,10.35253,12
10/26/2018 7:57:25 AM,5,CHA,48:22.2,01:00.0,0,0,NN_Char_Charge,4.19979,0.85307,24.18646,2.6901,10.4152,12
10/26/2018 7:58:25 AM,5,CHA,49:22.2,02:00.0,0,0,NN_Char_Charge,4.19979,0.77134,24.29162,2.70364,10.47206,12
10/26/2018 7:59:25 AM,5,CHA,50:22.2,03:00.0,0,0,NN_Char_Charge,4.19979,0.69727,24.18646,2.71586,10.52341,12
10/26/2018 8:00:25 AM,5,CHA,51:22.2,04:00.0,0,0,NN_Char_Charge,4.19979,0.6232,24.18646,2.72686,10.56959,12
10/26/2018 8:01:25 AM,5,CHA,52:22.2,05:00.0,0,0,NN_Char_Charge,4.19979,0.5568,23.97615,2.7367,10.61093,12
10/26/2018 8:02:25 AM,5,CHA,53:22.2,06:00.0,0,0,NN_Char_Charge,4.19979,0.4955,24.18646,2.74548,10.64778,12
10/26/2018 8:03:25 AM,5,CHA,54:22.2,07:00.0,0,0,NN_Char_Charge,4.19979,0.44186,24.0813,2.7533,10.68064,12
10/26/2018 8:04:25 AM,5,CHA,55:22.2,08:00.0,0,0,NN_Char_Charge,4.19979,0.39589,24.0813,2.76028,10.70996,12
10/26/2018 8:05:25 AM,5,CHA,56:22.2,09:00.0,0,0,NN_Char_Charge,4.19979,0.35247,23.87099,2.76649,10.73605,12
10/26/2018 8:06:25 AM,5,CHA,57:22.2,10:00.0,0,0,NN_Char_Charge,4.19979,0.31416,23.87099,2.77203,10.75928,12
10/26/2018 8:07:25 AM,5,CHA,58:22.2,11:00.0,0,0,NN_Char_Charge,4.19979,0.28095,24.18646,2.77698,10.78009,12
10/26/2018 8:08:25 AM,5,CHA,59:22.2,12:00.0,0,0,NN_Char_Charge,4.19979,0.25286,24.0813,2.78143,10.79876,12
10/26/2018 8:09:25 AM,5,CHA,00:22.2,13:00.0,0,0,NN_Char_Charge,4.19979,0.22476,23.87099,2.78541,10.81549,12
10/26/2018 8:10:25 AM,5,CHA,01:22.2,14:00.0,0,0,NN_Char_Charge,4.19979,0.20433,23.66067,2.78899,10.83054,12
10/26/2018 8:11:25 AM,5,CHA,02:22.2,15:00.0,0,0,NN_Char_Charge,4.19979,0.1839,23.76583,2.79222,10.84407,12
10/26/2018 8:12:25 AM,5,CHA,03:22.2,16:00.0,0,0,NN_Char_Charge,4.19979,0.16602,24.0813,2.79513,10.8563,12
10/26/2018 8:13:25 AM,5,CHA,04:22.2,17:00.0,0,0,NN_Char_Charge,4.19979,0.15069,24.18646,2.79776,10.86736,12
10/26/2018 8:14:25 AM,5,CHA,05:22.2,18:00.0,0,0,NN_Char_Charge,4.19979,0.13792,23.97615,2.80016,10.87742,12
10/26/2018 8:15:25 AM,5,CHA,06:22.2,19:00.0,0,0,NN_Char_Charge,4.19979,0.1226,23.66067,2.80233,10.88655,12
10/26/2018 8:16:25 AM,5,CHA,07:22.2,20:00.0,0,0,NN_Char_Charge,4.19979,0.11494,23.87099,2.80431,10.89487,12
10/26/2018 8:17:25 AM,5,CHA,08:22.2,21:00.0,0,0,NN_Char_Charge,4.19979,0.10472,24.29162,2.80612,10.90248,12
10/26/2018 8:18:25 AM,5,CHA,09:22.2,22:00.0,0,0,NN_Char_Charge,4.19979,0.0945,24.18646,2.80778,10.90944,12
10/26/2018 8:19:25 AM,5,CHA,10:22.2,23:00.0,0,0,NN_Char_Charge,4.19979,0.08684,23.55551,2.80931,10.91585,12
10/26/2018 8:20:25 AM,5,CHA,11:22.2,24:00.0,0,0,NN_Char_Charge,4.19979,0.08173,23.66067,2.81071,10.92176,12
10/26/2018 8:21:25 AM,5,CHA,12:22.2,25:00.0,0,0,NN_Char_Charge,4.19979,0.07407,23.97615,2.81201,10.92721,12
10/26/2018 8:22:25 AM,5,CHA,13:22.2,26:00.0,0,0,NN_Char_Charge,4.19979,0.06896,24.18646,2.8132,10.93221,12
10/26/2018 8:23:25 AM,5,CHA,14:22.2,27:00.0,0,0,NN_Char_Charge,4.19979,0.06385,24.0813,2.81431,10.93687,12
10/26/2018 8:24:25 AM,5,CHA,15:22.2,28:00.0,0,0,NN_Char_Charge,4.19979,0.05874,23.76583,2.81535,10.94122,12
10/26/2018 8:25:25 AM,5,CHA,16:22.2,29:00.0,0,0,NN_Char_Charge,4.19979,0.05619,23.55551,2.81632,10.94529,12
10/26/2018 8:26:25 AM,5,CHA,17:22.2,30:00.0,0,0,NN_Char_Charge,4.19979,0.05364,23.66067,2.81723,10.94911,12
10/26/2018 8:27:21 AM,5,CHA,18:18.7,30:56.5,0,0,NN_Char_Charge,4.19979,0.04853,23.97615,2.81804,10.95251,12
10/26/2018 8:28:21 AM,7,PAU,19:18.7,01:00.0,0,0,NN_Char_Charge,4.19726,0,24.0813,2.81804,10.95251,13
10/26/2018 8:28:21 AM,7,PAU,19:18.7,01:00.0,0,0,NN_Char_Charge,4.19726,0,24.0813,2.81804,10.95251,13
10/26/2018 8:29:21 AM,10,PAU,20:18.7,01:00.0,0,0,NN_Char_Charge,4.19641,0,23.97615,2.81804,10.95251,13
10/26/2018 8:30:21 AM,10,PAU,21:18.7,02:00.0,0,0,NN_Char_Charge,4.19574,0,23.87099,2.81804,10.95251,13
10/26/2018 8:31:21 AM,10,PAU,22:18.7,03:00.0,0,0,NN_Char_Charge,4.19523,0,23.76583,2.81804,10.95251,13
10/26/2018 8:32:21 AM,10,PAU,23:18.7,04:00.0,0,0,NN_Char_Charge,4.19473,0,23.66067,2.81804,10.95251,13
10/26/2018 8:33:21 AM,10,PAU,24:18.7,05:00.0,0,0,NN_Char_Charge,4.19422,0,23.66067,2.81804,10.95251,13
10/26/2018 8:34:21 AM,10,PAU,25:18.7,06:00.0,0,0,NN_Char_Charge,4.19389,0,23.87099,2.81804,10.95251,13
10/26/2018 8:35:21 AM,10,PAU,26:18.7,07:00.0,0,0,NN_Char_Charge,4.19338,0,23.97615,2.81804,10.95251,13
10/26/2018 8:36:21 AM,10,PAU,27:18.7,08:00.0,0,0,NN_Char_Charge,4.19304,0,23.97615,2.81804,10.95251,13
10/26/2018 8:37:21 AM,10,PAU,28:18.7,09:00.0,0,0,NN_Char_Charge,4.19271,0,23.76583,2.81804,10.95251,13
10/26/2018 8:38:21 AM,10,PAU,29:18.7,10:00.0,0,0,NN_Char_Charge,4.19237,0,23.66067,2.81804,10.95251,13
10/26/2018 8:39:21 AM,10,PAU,30:18.7,11:00.0,0,0,NN_Char_Charge,4.1922,0,23.76583,2.81804,10.95251,13
10/26/2018 8:40:21 AM,10,PAU,31:18.7,12:00.0,0,0,NN_Char_Charge,4.19186,0,23.87099,2.81804,10.95251,13
10/26/2018 8:41:21 AM,10,PAU,32:18.7,13:00.0,0,0,NN_Char_Charge,4.19153,0,23.87099,2.81804,10.95251,13
10/26/2018 8:42:21 AM,10,PAU,33:18.7,14:00.0,0,0,NN_Char_Charge,4.19136,0,23.76583,2.81804,10.95251,13
10/26/2018 8:43:21 AM,10,PAU,34:18.7,15:00.0,0,0,NN_Char_Charge,4.19102,0,23.76583,2.81804,10.95251,13
10/26/2018 8:44:21 AM,10,PAU,35:18.7,16:00.0,0,0,NN_Char_Charge,4.19085,0,23.87099,2.81804,10.95251,13
10/26/2018 8:45:21 AM,10,PAU,36:18.7,17:00.0,0,0,NN_Char_Charge,4.19068,0,23.87099,2.81804,10.95251,13
10/26/2018 8:46:21 AM,10,PAU,37:18.7,18:00.0,0,0,NN_Char_Charge,4.19035,0,23.76583,2.81804,10.95251,13
10/26/2018 8:47:21 AM,10,PAU,38:18.7,19:00.0,0,0,NN_Char_Charge,4.19018,0,23.76583,2.81804,10.95251,13
10/26/2018 8:48:21 AM,10,PAU,39:18.7,20:00.0,0,0,NN_Char_Charge,4.19001,0,23.76583,2.81804,10.95251,13
10/26/2018 8:49:21 AM,10,PAU,40:18.7,21:00.0,0,0,NN_Char_Charge,4.18984,0,23.76583,2.81804,10.95251,13
10/26/2018 8:50:21 AM,10,PAU,41:18.7,22:00.0,0,0,NN_Char_Charge,4.18967,0,23.66067,2.81804,10.95251,13
10/26/2018 8:51:21 AM,10,PAU,42:18.7,23:00.0,0,0,NN_Char_Charge,4.18933,0,23.76583,2.81804,10.95251,13
10/26/2018 8:52:21 AM,10,PAU,43:18.7,24:00.0,0,0,NN_Char_Charge,4.18917,0,23.87099,2.81804,10.95251,13
10/26/2018 8:53:21 AM,10,PAU,44:18.7,25:00.0,0,0,NN_Char_Charge,4.189,0,23.87099,2.81804,10.95251,13
10/26/2018 8:54:21 AM,10,PAU,45:18.7,26:00.0,0,0,NN_Char_Charge,4.18883,0,23.87099,2.81804,10.95251,13
10/26/2018 8:55:21 AM,10,PAU,46:18.7,27:00.0,0,0,NN_Char_Charge,4.18883,0,23.76583,2.81804,10.95251,13
10/26/2018 8:56:21 AM,10,PAU,47:18.7,28:00.0,0,0,NN_Char_Charge,4.18866,0,23.76583,2.81804,10.95251,13
10/26/2018 8:57:21 AM,10,PAU,48:18.7,29:00.0,0,0,NN_Char_Charge,4.18849,0,23.76583,2.81804,10.95251,13
10/26/2018 8:58:21 AM,10,PAU,49:18.7,30:00.0,0,0,NN_Char_Charge,4.18832,0,23.76583,2.81804,10.95251,13
10/26/2018 8:59:21 AM,10,PAU,50:18.7,31:00.0,0,0,NN_Char_Charge,4.18815,0,23.76583,2.81804,10.95251,13
10/26/2018 9:00:21 AM,10,PAU,51:18.7,32:00.0,0,0,NN_Char_Charge,4.18799,0,23.76583,2.81804,10.95251,13
10/26/2018 9:01:21 AM,10,PAU,52:18.7,33:00.0,0,0,NN_Char_Charge,4.18799,0,23.87099,2.81804,10.95251,13
10/26/2018 9:02:21 AM,10,PAU,53:18.7,34:00.0,0,0,NN_Char_Charge,4.18782,0,23.87099,2.81804,10.95251,13
10/26/2018 9:03:21 AM,10,PAU,54:18.7,35:00.0,0,0,NN_Char_Charge,4.18765,0,23.76583,2.81804,10.95251,13
10/26/2018 9:04:21 AM,10,PAU,55:18.7,36:00.0,0,0,NN_Char_Charge,4.18748,0,23.76583,2.81804,10.95251,13
10/26/2018 9:05:21 AM,10,PAU,56:18.7,37:00.0,0,0,NN_Char_Charge,4.18731,0,23.87099,2.81804,10.95251,13
10/26/2018 9:06:21 AM,10,PAU,57:18.7,38:00.0,0,0,NN_Char_Charge,4.18731,0,23.76583,2.81804,10.95251,13
10/26/2018 9:07:21 AM,10,PAU,58:18.7,39:00.0,0,0,NN_Char_Charge,4.18714,0,23.76583,2.81804,10.95251,13
10/26/2018 9:08:21 AM,10,PAU,59:18.7,40:00.0,0,0,NN_Char_Charge,4.18697,0,23.66067,2.81804,10.95251,13
10/26/2018 9:09:21 AM,10,PAU,00:18.7,41:00.0,0,0,NN_Char_Charge,4.18697,0,23.87099,2.81804,10.95251,13
10/26/2018 9:10:21 AM,10,PAU,01:18.7,42:00.0,0,0,NN_Char_Charge,4.18681,0,23.87099,2.81804,10.95251,13
10/26/2018 9:11:21 AM,10,PAU,02:18.7,43:00.0,0,0,NN_Char_Charge,4.18664,0,23.66067,2.81804,10.95251,13
10/26/2018 9:12:21 AM,10,PAU,03:18.7,44:00.0,0,0,NN_Char_Charge,4.18664,0,23.76583,2.81804,10.95251,13
10/26/2018 9:13:21 AM,10,PAU,04:18.7,45:00.0,0,0,NN_Char_Charge,4.18647,0,23.87099,2.81804,10.95251,13
10/26/2018 9:14:21 AM,10,PAU,05:18.7,46:00.0,0,0,NN_Char_Charge,4.1863,0,23.87099,2.81804,10.95251,13
10/26/2018 9:15:21 AM,10,PAU,06:18.7,47:00.0,0,0,NN_Char_Charge,4.1863,0,23.87099,2.81804,10.95251,13
10/26/2018 9:16:21 AM,10,PAU,07:18.7,48:00.0,0,0,NN_Char_Charge,4.18613,0,23.76583,2.81804,10.95251,13
10/26/2018 9:17:21 AM,10,PAU,08:18.7,49:00.0,0,0,NN_Char_Charge,4.18596,0,23.66067,2.81804,10.95251,13
10/26/2018 9:18:21 AM,10,PAU,09:18.7,50:00.0,0,0,NN_Char_Charge,4.18596,0,23.76583,2.81804,10.95251,13
10/26/2018 9:19:21 AM,10,PAU,10:18.7,51:00.0,0,0,NN_Char_Charge,4.18596,0,24.0813,2.81804,10.95251,13
10/26/2018 9:20:21 AM,10,PAU,11:18.7,52:00.0,0,0,NN_Char_Charge,4.18579,0,24.0813,2.81804,10.95251,13
10/26/2018 9:21:21 AM,10,PAU,12:18.7,53:00.0,0,0,NN_Char_Charge,4.18579,0,23.66067,2.81804,10.95251,13
10/26/2018 9:22:21 AM,10,PAU,13:18.7,54:00.0,0,0,NN_Char_Charge,4.18563,0,23.66067,2.81804,10.95251,13
10/26/2018 9:23:21 AM,10,PAU,14:18.7,55:00.0,0,0,NN_Char_Charge,4.18563,0,23.87099,2.81804,10.95251,13
10/26/2018 9:24:21 AM,10,PAU,15:18.7,56:00.0,0,0,NN_Char_Charge,4.18546,0,23.97615,2.81804,10.95251,13
10/26/2018 9:25:21 AM,10,PAU,16:18.7,57:00.0,0,0,NN_Char_Charge,4.18529,0,23.97615,2.81804,10.95251,13
10/26/2018 9:26:21 AM,10,PAU,17:18.7,58:00.0,0,0,NN_Char_Charge,4.18529,0,23.76583,2.81804,10.95251,13
10/26/2018 9:27:21 AM,10,PAU,18:18.7,59:00.0,0,0,NN_Char_Charge,4.18512,0,23.55551,2.81804,10.95251,13
10/26/2018 9:28:21 AM,10,PAU,19:18.7,00:00.0,0,0,NN_Char_Charge,4.18512,0,23.76583,2.81804,10.95251,13
10/26/2018 9:28:21 AM,10,PAU,19:18.7,00:00.0,0,0,NN_Char_Charge,4.18512,0,23.76583,2.81804,10.95251,13
10/26/2018 9:28:22 AM,20,PAU,19:19.7,00:01.0,0,0,LG_HG2_NN_Char,4.18512,0,23.66067,0,0,13
10/28/2018 3:39:08 AM,4,PAU,30:06.0,01:00.0,0,0,NN_Char_Charge,2.93892,0,24.39678,0,0,14
10/28/2018 3:40:08 AM,4,PAU,31:06.0,02:00.0,0,0,NN_Char_Charge,2.95898,0,24.71226,0,0,14
10/28/2018 3:41:08 AM,4,PAU,32:06.0,03:00.0,0,0,NN_Char_Charge,2.97028,0,24.71226,0,0,14
10/28/2018 3:42:08 AM,4,PAU,33:06.0,04:00.0,0,0,NN_Char_Charge,2.9782,0,24.39678,0,0,14
10/28/2018 3:43:08 AM,4,PAU,34:06.0,05:00.0,0,0,NN_Char_Charge,2.98477,0,23.76583,0,0,14
10/28/2018 3:44:08 AM,4,PAU,35:06.0,06:00.0,0,0,NN_Char_Charge,2.99,0,23.97615,0,0,14
10/28/2018 3:45:08 AM,4,PAU,36:06.0,07:00.0,0,0,NN_Char_Charge,2.99455,0,24.0813,0,0,14
10/28/2018 3:46:08 AM,4,PAU,37:06.0,08:00.0,0,0,NN_Char_Charge,2.99843,0,24.29162,0,0,14
10/28/2018 3:47:08 AM,4,PAU,38:06.0,09:00.0,0,0,NN_Char_Charge,3.00213,0,24.18646,0,0,14
10/28/2018 3:48:08 AM,4,PAU,39:06.0,10:00.0,0,0,NN_Char_Charge,3.00534,0,24.0813,0,0,14
10/28/2018 3:49:08 AM,4,PAU,40:06.0,11:00.0,0,0,NN_Char_Charge,3.00837,0,23.87099,0,0,14
10/28/2018 3:50:08 AM,4,PAU,41:06.0,12:00.0,0,0,NN_Char_Charge,3.01124,0,23.66067,0,0,14
10/28/2018 3:51:08 AM,4,PAU,42:06.0,13:00.0,0,0,NN_Char_Charge,3.01377,0,23.87099,0,0,14
10/28/2018 3:52:08 AM,4,PAU,43:06.0,14:00.0,0,0,NN_Char_Charge,3.01613,0,23.87099,0,0,14
10/28/2018 3:53:08 AM,4,PAU,44:06.0,15:00.0,0,0,NN_Char_Charge,3.01849,0,24.0813,0,0,14
10/28/2018 3:54:08 AM,4,PAU,45:06.0,16:00.0,0,0,NN_Char_Charge,3.02051,0,23.97615,0,0,14
10/28/2018 3:55:08 AM,4,PAU,46:06.0,17:00.0,0,0,NN_Char_Charge,3.02253,0,23.97615,0,0,14
10/28/2018 3:56:08 AM,4,PAU,47:06.0,18:00.0,0,0,NN_Char_Charge,3.02455,0,23.97615,0,0,14
10/28/2018 3:57:08 AM,4,PAU,48:06.0,19:00.0,0,0,NN_Char_Charge,3.02624,0,23.87099,0,0,14
10/28/2018 3:58:08 AM,4,PAU,49:06.0,20:00.0,0,0,NN_Char_Charge,3.02809,0,23.97615,0,0,14
10/28/2018 3:59:08 AM,4,PAU,50:06.0,21:00.0,0,0,NN_Char_Charge,3.02978,0,23.97615,0,0,14
10/28/2018 4:00:08 AM,4,PAU,51:06.0,22:00.0,0,0,NN_Char_Charge,3.0313,0,23.97615,0,0,14
10/28/2018 4:01:08 AM,4,PAU,52:06.0,23:00.0,0,0,NN_Char_Charge,3.03281,0,23.97615,0,0,14
10/28/2018 4:02:08 AM,4,PAU,53:06.0,24:00.0,0,0,NN_Char_Charge,3.03433,0,23.87099,0,0,14
10/28/2018 4:03:08 AM,4,PAU,54:06.0,25:00.0,0,0,NN_Char_Charge,3.03568,0,23.87099,0,0,14
10/28/2018 4:04:08 AM,4,PAU,55:06.0,26:00.0,0,0,NN_Char_Charge,3.03703,0,23.87099,0,0,14
10/28/2018 4:05:08 AM,4,PAU,56:06.0,27:00.0,0,0,NN_Char_Charge,3.03838,0,23.87099,0,0,14
10/28/2018 4:06:08 AM,4,PAU,57:06.0,28:00.0,0,0,NN_Char_Charge,3.03972,0,23.97615,0,0,14
10/28/2018 4:07:08 AM,4,PAU,58:06.0,29:00.0,0,0,NN_Char_Charge,3.0409,0,23.97615,0,0,14
10/28/2018 4:08:08 AM,4,PAU,59:06.0,30:00.0,0,0,NN_Char_Charge,3.04208,0,23.87099,0,0,14
10/28/2018 4:09:08 AM,4,PAU,00:06.0,31:00.0,0,0,NN_Char_Charge,3.0431,0,23.97615,0,0,14
10/28/2018 4:10:08 AM,4,PAU,01:06.0,32:00.0,0,0,NN_Char_Charge,3.04428,0,23.97615,0,0,14
10/28/2018 4:11:08 AM,4,PAU,02:06.0,33:00.0,0,0,NN_Char_Charge,3.04546,0,23.97615,0,0,14
10/28/2018 4:12:08 AM,4,PAU,03:06.0,34:00.0,0,0,NN_Char_Charge,3.04647,0,23.87099,0,0,14
10/28/2018 4:13:08 AM,4,PAU,04:06.0,35:00.0,0,0,NN_Char_Charge,3.04748,0,23.87099,0,0,14
10/28/2018 4:14:08 AM,4,PAU,05:06.0,36:00.0,0,0,NN_Char_Charge,3.04849,0,23.76583,0,0,14
10/28/2018 4:15:08 AM,4,PAU,06:06.0,37:00.0,0,0,NN_Char_Charge,3.0495,0,23.87099,0,0,14
10/28/2018 4:16:08 AM,4,PAU,07:06.0,38:00.0,0,0,NN_Char_Charge,3.05034,0,23.87099,0,0,14
10/28/2018 4:17:08 AM,4,PAU,08:06.0,39:00.0,0,0,NN_Char_Charge,3.05119,0,23.87099,0,0,14
10/28/2018 4:18:08 AM,4,PAU,09:06.0,40:00.0,0,0,NN_Char_Charge,3.0522,0,23.87099,0,0,14
10/28/2018 4:19:08 AM,4,PAU,10:06.0,41:00.0,0,0,NN_Char_Charge,3.05304,0,23.87099,0,0,14
10/28/2018 4:20:08 AM,4,PAU,11:06.0,42:00.0,0,0,NN_Char_Charge,3.05388,0,23.97615,0,0,14
10/28/2018 4:21:08 AM,4,PAU,12:06.0,43:00.0,0,0,NN_Char_Charge,3.05473,0,23.97615,0,0,14
10/28/2018 4:22:08 AM,4,PAU,13:06.0,44:00.0,0,0,NN_Char_Charge,3.05557,0,23.97615,0,0,14
10/28/2018 4:23:08 AM,4,PAU,14:06.0,45:00.0,0,0,NN_Char_Charge,3.05641,0,23.97615,0,0,14
10/28/2018 4:24:08 AM,4,PAU,15:06.0,46:00.0,0,0,NN_Char_Charge,3.05709,0,23.97615,0,0,14
10/28/2018 4:25:08 AM,4,PAU,16:06.0,47:00.0,0,0,NN_Char_Charge,3.05793,0,23.87099,0,0,14
10/28/2018 4:26:08 AM,4,PAU,17:06.0,48:00.0,0,0,NN_Char_Charge,3.0586,0,23.97615,0,0,14
10/28/2018 4:27:08 AM,4,PAU,18:06.0,49:00.0,0,0,NN_Char_Charge,3.05928,0,23.87099,0,0,14
10/28/2018 4:28:08 AM,4,PAU,19:06.0,50:00.0,0,0,NN_Char_Charge,3.06012,0,23.87099,0,0,14
10/28/2018 4:29:08 AM,4,PAU,20:06.0,51:00.0,0,0,NN_Char_Charge,3.06079,0,23.87099,0,0,14
10/28/2018 4:30:08 AM,4,PAU,21:06.0,52:00.0,0,0,NN_Char_Charge,3.06147,0,23.87099,0,0,14
10/28/2018 4:31:08 AM,4,PAU,22:06.0,53:00.0,0,0,NN_Char_Charge,3.06214,0,23.87099,0,0,14
10/28/2018 4:32:08 AM,4,PAU,23:06.0,54:00.0,0,0,NN_Char_Charge,3.06282,0,23.87099,0,0,14
10/28/2018 4:33:08 AM,4,PAU,24:06.0,55:00.0,0,0,NN_Char_Charge,3.06332,0,23.87099,0,0,14
10/28/2018 4:34:08 AM,4,PAU,25:06.0,56:00.0,0,0,NN_Char_Charge,3.064,0,23.87099,0,0,14
10/28/2018 4:35:08 AM,4,PAU,26:06.0,57:00.0,0,0,NN_Char_Charge,3.06467,0,23.97615,0,0,14
10/28/2018 4:36:08 AM,4,PAU,27:06.0,58:00.0,0,0,NN_Char_Charge,3.06518,0,23.87099,0,0,14
10/28/2018 4:37:08 AM,4,PAU,28:06.0,59:00.0,0,0,NN_Char_Charge,3.06585,0,23.76583,0,0,14
10/28/2018 4:38:08 AM,4,PAU,29:06.0,00:00.0,0,0,NN_Char_Charge,3.06636,0,23.87099,0,0,14
10/28/2018 4:38:08 AM,4,PAU,29:06.0,00:00.0,0,0,NN_Char_Charge,3.06636,0,23.87099,0,0,14
10/28/2018 4:39:09 AM,5,CHA,30:06.0,01:00.0,0,0,NN_Char_Charge,3.38579,2.99853,23.97615,0.04998,0.16467,14
10/28/2018 4:40:08 AM,5,CHA,31:06.0,02:00.0,0,0,NN_Char_Charge,3.47883,2.99853,23.97615,0.09996,0.33648,14
10/28/2018 4:41:08 AM,5,CHA,32:06.0,03:00.0,0,0,NN_Char_Charge,3.51744,2.99853,24.0813,0.14993,0.5115,14
10/28/2018 4:42:09 AM,5,CHA,33:06.0,04:00.0,0,0,NN_Char_Charge,3.53632,2.99853,24.29162,0.19991,0.68775,14
10/28/2018 4:43:08 AM,5,CHA,34:06.0,05:00.0,0,0,NN_Char_Charge,3.55671,2.99853,24.50194,0.24989,0.865,14
10/28/2018 4:44:08 AM,5,CHA,35:06.0,06:00.0,0,0,NN_Char_Charge,3.57677,2.99853,24.6071,0.29986,1.04326,14
10/28/2018 4:45:09 AM,5,CHA,36:06.0,07:00.0,0,0,NN_Char_Charge,3.59582,2.99853,24.6071,0.34984,1.22249,14
10/28/2018 4:46:08 AM,5,CHA,37:06.0,08:00.0,0,0,NN_Char_Charge,3.61385,2.99853,24.6071,0.39981,1.40265,14
10/28/2018 4:47:08 AM,5,CHA,38:06.0,09:00.0,0,0,NN_Char_Charge,3.63139,2.99853,24.71226,0.44979,1.5837,14
10/28/2018 4:48:08 AM,5,CHA,39:06.0,10:00.0,0,0,NN_Char_Charge,3.6479,2.99853,24.81741,0.49977,1.7656,14
10/28/2018 4:49:08 AM,5,CHA,40:06.0,11:00.0,0,0,NN_Char_Charge,3.66291,2.99853,24.81741,0.54975,1.94832,14
10/28/2018 4:50:08 AM,5,CHA,41:06.0,12:00.0,0,0,NN_Char_Charge,3.67606,2.99853,24.6071,0.59973,2.13172,14
10/28/2018 4:51:08 AM,5,CHA,42:06.0,13:00.0,0,0,NN_Char_Charge,3.68802,2.99853,24.71226,0.64971,2.31575,14
10/28/2018 4:52:08 AM,5,CHA,43:06.0,14:00.0,0,0,NN_Char_Charge,3.69949,2.99853,24.81741,0.69968,2.50034,14
10/28/2018 4:53:08 AM,5,CHA,44:06.0,15:00.0,0,0,NN_Char_Charge,3.71129,2.99853,24.92257,0.74966,2.68552,14
10/28/2018 4:54:08 AM,5,CHA,45:06.0,16:00.0,0,0,NN_Char_Charge,3.72376,2.99853,24.71226,0.79964,2.87132,14
10/28/2018 4:55:09 AM,5,CHA,46:06.0,17:00.0,0,0,NN_Char_Charge,3.7364,2.99853,24.6071,0.84961,3.05774,14
10/28/2018 4:56:08 AM,5,CHA,47:06.0,18:00.0,0,0,NN_Char_Charge,3.74888,2.99853,24.81741,0.89959,3.24479,14
10/28/2018 4:57:08 AM,5,CHA,48:06.0,19:00.0,0,0,NN_Char_Charge,3.76067,2.99853,25.02773,0.94957,3.43245,14
10/28/2018 4:58:09 AM,5,CHA,49:06.0,20:00.0,0,0,NN_Char_Charge,3.77264,2.99853,25.02773,0.99954,3.62069,14
10/28/2018 4:59:08 AM,5,CHA,50:06.0,21:00.0,0,0,NN_Char_Charge,3.78495,2.99853,24.71226,1.04952,3.80953,14
10/28/2018 5:00:08 AM,5,CHA,51:06.0,22:00.0,0,0,NN_Char_Charge,3.7981,2.99853,24.71226,1.0995,3.99901,14
10/28/2018 5:01:08 AM,5,CHA,52:06.0,23:00.0,0,0,NN_Char_Charge,3.81209,2.99853,24.81741,1.14947,4.18917,14
10/28/2018 5:02:08 AM,5,CHA,53:06.0,24:00.0,0,0,NN_Char_Charge,3.82709,2.99853,25.02773,1.19945,4.38006,14
10/28/2018 5:03:08 AM,5,CHA,54:06.0,25:00.0,0,0,NN_Char_Charge,3.8431,2.99853,25.02773,1.24942,4.57171,14
10/28/2018 5:04:08 AM,5,CHA,55:06.0,26:00.0,0,0,NN_Char_Charge,3.8603,2.99853,25.02773,1.2994,4.7642,14
10/28/2018 5:05:08 AM,5,CHA,56:06.0,27:00.0,0,0,NN_Char_Charge,3.87816,2.99853,24.81741,1.34938,4.95757,14
10/28/2018 5:06:08 AM,5,CHA,57:06.0,28:00.0,0,0,NN_Char_Charge,3.89654,2.99853,24.81741,1.39936,5.15185,14
10/28/2018 5:07:08 AM,5,CHA,58:06.0,29:00.0,0,0,NN_Char_Charge,3.91491,2.99853,24.92257,1.44933,5.34704,14
10/28/2018 5:08:09 AM,5,CHA,59:06.0,30:00.0,0,0,NN_Char_Charge,3.93312,2.99853,25.02773,1.49931,5.54315,14
10/28/2018 5:09:08 AM,5,CHA,00:06.0,31:00.0,0,0,NN_Char_Charge,3.95082,2.99853,24.92257,1.54929,5.74016,14
10/28/2018 5:10:08 AM,5,CHA,01:06.0,32:00.0,0,0,NN_Char_Charge,3.96835,2.99853,24.92257,1.59926,5.93805,14
10/28/2018 5:11:09 AM,5,CHA,02:06.0,33:00.0,0,0,NN_Char_Charge,3.98554,2.99853,24.92257,1.64924,6.13681,14
10/28/2018 5:12:08 AM,5,CHA,03:06.0,34:00.0,0,0,NN_Char_Charge,4.00223,2.99853,25.02773,1.69922,6.33642,14
10/28/2018 5:13:08 AM,5,CHA,04:06.0,35:00.0,0,0,NN_Char_Charge,4.01858,2.99853,25.02773,1.74919,6.53684,14
10/28/2018 5:14:09 AM,5,CHA,05:06.0,36:00.0,0,0,NN_Char_Charge,4.03476,2.99853,25.13289,1.79917,6.73808,14
10/28/2018 5:15:08 AM,5,CHA,06:06.0,37:00.0,0,0,NN_Char_Charge,4.05128,2.99853,25.02773,1.84915,6.94014,14
10/28/2018 5:16:08 AM,5,CHA,07:06.0,38:00.0,0,0,NN_Char_Charge,4.06847,2.99853,24.92257,1.89912,7.14302,14
10/28/2018 5:17:08 AM,5,CHA,08:06.0,39:00.0,0,0,NN_Char_Charge,4.08651,2.99853,25.02773,1.9491,7.34681,14
10/28/2018 5:18:08 AM,5,CHA,09:06.0,40:00.0,0,0,NN_Char_Charge,4.10573,3.00108,25.13289,1.99908,7.55152,14
10/28/2018 5:19:08 AM,5,CHA,10:06.0,41:00.0,0,0,NN_Char_Charge,4.12595,2.99853,25.13289,2.04906,7.75721,14
10/28/2018 5:20:08 AM,5,CHA,11:06.0,42:00.0,0,0,NN_Char_Charge,4.14719,2.99853,25.02773,2.09903,7.96394,14
10/28/2018 5:21:08 AM,5,CHA,12:06.0,43:00.0,0,0,NN_Char_Charge,4.16843,2.99853,25.13289,2.14901,8.17172,14
10/28/2018 5:22:08 AM,5,CHA,13:06.0,44:00.0,0,0,NN_Char_Charge,4.18917,2.99853,25.02773,2.19898,8.38058,14
10/28/2018 5:23:08 AM,5,CHA,14:06.0,45:00.0,0,0,NN_Char_Charge,4.19995,2.7329,25.02773,2.24783,8.58559,14
10/28/2018 5:24:09 AM,5,CHA,15:06.0,46:00.0,0,0,NN_Char_Charge,4.19995,2.41364,25.02773,2.29051,8.76482,14
10/28/2018 5:25:08 AM,5,CHA,16:06.0,47:00.0,0,0,NN_Char_Charge,4.19979,2.19143,24.92257,2.32878,8.92558,14
10/28/2018 5:26:08 AM,5,CHA,17:06.0,48:00.0,0,0,NN_Char_Charge,4.19979,2.02541,24.92257,2.36387,9.07295,14
10/28/2018 5:27:09 AM,5,CHA,18:06.0,49:00.0,0,0,NN_Char_Charge,4.19979,1.8926,24.92257,2.3965,9.20999,14
10/28/2018 5:28:08 AM,5,CHA,19:06.0,50:00.0,0,0,NN_Char_Charge,4.19979,1.77766,24.71226,2.42707,9.33835,14
10/28/2018 5:29:08 AM,5,CHA,20:06.0,51:00.0,0,0,NN_Char_Charge,4.19979,1.6755,24.6071,2.45581,9.45907,14
10/28/2018 5:30:09 AM,5,CHA,21:06.0,52:00.0,0,0,NN_Char_Charge,4.19979,1.57589,24.6071,2.4829,9.57282,14
10/28/2018 5:31:08 AM,5,CHA,22:06.0,53:00.0,0,0,NN_Char_Charge,4.19979,1.48394,24.6071,2.50842,9.68,14
10/28/2018 5:32:08 AM,5,CHA,23:06.0,54:00.0,0,0,NN_Char_Charge,4.19979,1.39455,24.50194,2.53242,9.78083,14
10/28/2018 5:33:08 AM,5,CHA,24:06.0,55:00.0,0,0,NN_Char_Charge,4.19979,1.30771,24.39678,2.55493,9.87535,14
10/28/2018 5:34:08 AM,5,CHA,25:06.0,56:00.0,0,0,NN_Char_Charge,4.19979,1.21576,24.39678,2.57596,9.96367,14
10/28/2018 5:35:08 AM,5,CHA,26:06.0,57:00.0,0,0,NN_Char_Charge,4.19979,1.12892,24.39678,2.5955,10.04574,14
10/28/2018 5:36:08 AM,5,CHA,27:06.0,58:00.0,0,0,NN_Char_Charge,4.19979,1.03952,24.29162,2.61356,10.12158,14
10/28/2018 5:37:08 AM,5,CHA,28:06.0,59:00.0,0,0,NN_Char_Charge,4.19979,0.95013,24.39678,2.63013,10.19119,14
10/28/2018 5:38:08 AM,5,CHA,29:06.0,00:00.0,0,0,NN_Char_Charge,4.19979,0.86584,24.29162,2.64526,10.2547,14
10/28/2018 5:39:08 AM,5,CHA,30:06.0,01:00.0,0,0,NN_Char_Charge,4.19979,0.78156,24.29162,2.65898,10.31233,14
10/28/2018 5:40:09 AM,5,CHA,31:06.0,02:00.0,0,0,NN_Char_Charge,4.19979,0.70494,24.18646,2.67136,10.36434,14
10/28/2018 5:41:08 AM,5,CHA,32:06.0,03:00.0,0,0,NN_Char_Charge,4.19979,0.63087,24.0813,2.68248,10.41101,14
10/28/2018 5:42:08 AM,5,CHA,33:06.0,04:00.0,0,0,NN_Char_Charge,4.19979,0.56446,24.18646,2.69242,10.45277,14
10/28/2018 5:43:09 AM,5,CHA,34:06.0,05:00.0,0,0,NN_Char_Charge,4.19979,0.50061,23.97615,2.70129,10.49003,14
10/28/2018 5:44:08 AM,5,CHA,35:06.0,06:00.0,0,0,NN_Char_Charge,4.19979,0.44697,24.0813,2.70918,10.52318,14
10/28/2018 5:45:08 AM,5,CHA,36:06.0,07:00.0,0,0,NN_Char_Charge,4.19979,0.39589,24.0813,2.7162,10.55264,14
10/28/2018 5:46:08 AM,5,CHA,37:06.0,08:00.0,0,0,NN_Char_Charge,4.19979,0.35247,24.0813,2.72243,10.57882,14
10/28/2018 5:47:08 AM,5,CHA,38:06.0,09:00.0,0,0,NN_Char_Charge,4.19979,0.31416,23.97615,2.72797,10.60206,14
10/28/2018 5:48:08 AM,5,CHA,39:06.0,10:00.0,0,0,NN_Char_Charge,4.19979,0.2784,23.97615,2.73289,10.62275,14
10/28/2018 5:49:08 AM,5,CHA,40:06.0,11:00.0,0,0,NN_Char_Charge,4.19979,0.2503,23.97615,2.73728,10.64118,14
10/28/2018 5:50:08 AM,5,CHA,41:06.0,12:00.0,0,0,NN_Char_Charge,4.19979,0.21965,23.97615,2.74118,10.65756,14
10/28/2018 5:51:08 AM,5,CHA,42:06.0,13:00.0,0,0,NN_Char_Charge,4.19979,0.19922,23.97615,2.74466,10.67218,14
10/28/2018 5:52:08 AM,5,CHA,43:06.0,14:00.0,0,0,NN_Char_Charge,4.19979,0.17623,23.97615,2.74778,10.68527,14
10/28/2018 5:53:09 AM,5,CHA,44:06.0,15:00.0,0,0,NN_Char_Charge,4.19979,0.16091,23.97615,2.75058,10.69705,14
10/28/2018 5:54:08 AM,5,CHA,45:06.0,16:00.0,0,0,NN_Char_Charge,4.19979,0.14303,23.87099,2.75311,10.70768,14
10/28/2018 5:55:08 AM,5,CHA,46:06.0,17:00.0,0,0,NN_Char_Charge,4.19979,0.13026,23.97615,2.7554,10.71727,14
10/28/2018 5:56:09 AM,5,CHA,47:06.0,18:00.0,0,0,NN_Char_Charge,4.19979,0.11749,23.97615,2.75746,10.72592,14
10/28/2018 5:57:08 AM,5,CHA,48:06.0,19:00.0,0,0,NN_Char_Charge,4.19979,0.10727,23.87099,2.75933,10.7338,14
10/28/2018 5:58:08 AM,5,CHA,49:06.0,20:00.0,0,0,NN_Char_Charge,4.19979,0.09706,23.76583,2.76104,10.74097,14
10/28/2018 5:59:09 AM,5,CHA,50:06.0,21:00.0,0,0,NN_Char_Charge,4.19979,0.08939,23.97615,2.7626,10.74752,14
10/28/2018 6:00:08 AM,5,CHA,51:06.0,22:00.0,0,0,NN_Char_Charge,4.19979,0.08173,23.97615,2.76403,10.75352,14
10/28/2018 6:01:08 AM,5,CHA,52:06.0,23:00.0,0,0,NN_Char_Charge,4.19979,0.07407,23.87099,2.76535,10.75905,14
10/28/2018 6:02:08 AM,5,CHA,53:06.0,24:00.0,0,0,NN_Char_Charge,4.19979,0.06896,23.76583,2.76656,10.76416,14
10/28/2018 6:03:08 AM,5,CHA,54:06.0,25:00.0,0,0,NN_Char_Charge,4.19979,0.06385,23.97615,2.76768,10.76887,14
10/28/2018 6:04:08 AM,5,CHA,55:06.0,26:00.0,0,0,NN_Char_Charge,4.19979,0.0613,23.97615,2.76872,10.77323,14
10/28/2018 6:05:08 AM,5,CHA,56:06.0,27:00.0,0,0,NN_Char_Charge,4.19979,0.05619,23.87099,2.76969,10.77729,14
10/28/2018 6:06:08 AM,5,CHA,57:06.0,28:00.0,0,0,NN_Char_Charge,4.19979,0.05364,23.76583,2.7706,10.7811,14
10/28/2018 6:07:02 AM,5,CHA,57:59.3,28:53.3,0,0,NN_Char_Charge,4.19979,0.04853,23.87099,2.77136,10.7843,14
10/28/2018 6:08:02 AM,7,PAU,58:59.3,01:00.0,0,0,NN_Char_Charge,4.19726,0,24.0813,2.77136,10.7843,15
10/28/2018 6:08:02 AM,7,PAU,58:59.3,01:00.0,0,0,NN_Char_Charge,4.19726,0,24.0813,2.77136,10.7843,15
10/28/2018 6:09:02 AM,10,PAU,59:59.3,01:00.0,0,0,NN_Char_Charge,4.19641,0,23.97615,2.77136,10.7843,15
10/28/2018 6:10:02 AM,10,PAU,00:59.3,02:00.0,0,0,NN_Char_Charge,4.19574,0,23.87099,2.77136,10.7843,15
10/28/2018 6:11:02 AM,10,PAU,01:59.3,03:00.0,0,0,NN_Char_Charge,4.19523,0,23.87099,2.77136,10.7843,15
10/28/2018 6:12:02 AM,10,PAU,02:59.3,04:00.0,0,0,NN_Char_Charge,4.19473,0,23.87099,2.77136,10.7843,15
10/28/2018 6:13:02 AM,10,PAU,03:59.3,05:00.0,0,0,NN_Char_Charge,4.19439,0,24.0813,2.77136,10.7843,15
10/28/2018 6:14:02 AM,10,PAU,04:59.3,06:00.0,0,0,NN_Char_Charge,4.19389,0,24.0813,2.77136,10.7843,15
10/28/2018 6:15:02 AM,10,PAU,05:59.3,07:00.0,0,0,NN_Char_Charge,4.19355,0,23.87099,2.77136,10.7843,15
10/28/2018 6:16:02 AM,10,PAU,06:59.3,08:00.0,0,0,NN_Char_Charge,4.19321,0,23.66067,2.77136,10.7843,15
10/28/2018 6:17:02 AM,10,PAU,07:59.3,09:00.0,0,0,NN_Char_Charge,4.19287,0,23.87099,2.77136,10.7843,15
10/28/2018 6:18:02 AM,10,PAU,08:59.3,10:00.0,0,0,NN_Char_Charge,4.19254,0,24.0813,2.77136,10.7843,15
10/28/2018 6:19:02 AM,10,PAU,09:59.3,11:00.0,0,0,NN_Char_Charge,4.19237,0,24.0813,2.77136,10.7843,15
10/28/2018 6:20:02 AM,10,PAU,10:59.3,12:00.0,0,0,NN_Char_Charge,4.19203,0,23.76583,2.77136,10.7843,15
10/28/2018 6:21:02 AM,10,PAU,11:59.3,13:00.0,0,0,NN_Char_Charge,4.19169,0,23.76583,2.77136,10.7843,15
10/28/2018 6:22:02 AM,10,PAU,12:59.3,14:00.0,0,0,NN_Char_Charge,4.19153,0,23.87099,2.77136,10.7843,15
10/28/2018 6:23:02 AM,10,PAU,13:59.3,15:00.0,0,0,NN_Char_Charge,4.19119,0,24.0813,2.77136,10.7843,15
10/28/2018 6:24:02 AM,10,PAU,14:59.3,16:00.0,0,0,NN_Char_Charge,4.19102,0,24.18646,2.77136,10.7843,15
10/28/2018 6:25:02 AM,10,PAU,15:59.3,17:00.0,0,0,NN_Char_Charge,4.19085,0,24.0813,2.77136,10.7843,15
10/28/2018 6:26:02 AM,10,PAU,16:59.3,18:00.0,0,0,NN_Char_Charge,4.19068,0,23.76583,2.77136,10.7843,15
10/28/2018 6:27:02 AM,10,PAU,17:59.3,19:00.0,0,0,NN_Char_Charge,4.19035,0,23.87099,2.77136,10.7843,15
10/28/2018 6:28:02 AM,10,PAU,18:59.3,20:00.0,0,0,NN_Char_Charge,4.19018,0,23.76583,2.77136,10.7843,15
10/28/2018 6:29:02 AM,10,PAU,19:59.3,21:00.0,0,0,NN_Char_Charge,4.19001,0,23.97615,2.77136,10.7843,15
10/28/2018 6:30:02 AM,10,PAU,20:59.3,22:00.0,0,0,NN_Char_Charge,4.18984,0,23.97615,2.77136,10.7843,15
10/28/2018 6:31:02 AM,10,PAU,21:59.3,23:00.0,0,0,NN_Char_Charge,4.18967,0,24.0813,2.77136,10.7843,15
10/28/2018 6:32:02 AM,10,PAU,22:59.3,24:00.0,0,0,NN_Char_Charge,4.1895,0,23.87099,2.77136,10.7843,15
10/28/2018 6:33:02 AM,10,PAU,23:59.3,25:00.0,0,0,NN_Char_Charge,4.18933,0,23.76583,2.77136,10.7843,15
10/28/2018 6:34:02 AM,10,PAU,24:59.3,26:00.0,0,0,NN_Char_Charge,4.18917,0,23.76583,2.77136,10.7843,15
10/28/2018 6:35:02 AM,10,PAU,25:59.3,27:00.0,0,0,NN_Char_Charge,4.18917,0,23.87099,2.77136,10.7843,15
10/28/2018 6:36:02 AM,10,PAU,26:59.3,28:00.0,0,0,NN_Char_Charge,4.189,0,23.87099,2.77136,10.7843,15
10/28/2018 6:37:02 AM,10,PAU,27:59.3,29:00.0,0,0,NN_Char_Charge,4.18883,0,23.76583,2.77136,10.7843,15
10/28/2018 6:38:02 AM,10,PAU,28:59.3,30:00.0,0,0,NN_Char_Charge,4.18866,0,23.76583,2.77136,10.7843,15
10/28/2018 6:39:02 AM,10,PAU,29:59.3,31:00.0,0,0,NN_Char_Charge,4.18849,0,23.97615,2.77136,10.7843,15
10/28/2018 6:40:02 AM,10,PAU,30:59.3,32:00.0,0,0,NN_Char_Charge,4.18849,0,23.87099,2.77136,10.7843,15
10/28/2018 6:41:02 AM,10,PAU,31:59.3,33:00.0,0,0,NN_Char_Charge,4.18832,0,23.87099,2.77136,10.7843,15
10/28/2018 6:42:02 AM,10,PAU,32:59.3,34:00.0,0,0,NN_Char_Charge,4.18815,0,23.87099,2.77136,10.7843,15
10/28/2018 6:43:02 AM,10,PAU,33:59.3,35:00.0,0,0,NN_Char_Charge,4.18799,0,23.87099,2.77136,10.7843,15
10/28/2018 6:44:02 AM,10,PAU,34:59.3,36:00.0,0,0,NN_Char_Charge,4.18799,0,23.87099,2.77136,10.7843,15
10/28/2018 6:45:02 AM,10,PAU,35:59.3,37:00.0,0,0,NN_Char_Charge,4.18782,0,23.87099,2.77136,10.7843,15
10/28/2018 6:46:02 AM,10,PAU,36:59.3,38:00.0,0,0,NN_Char_Charge,4.18765,0,23.76583,2.77136,10.7843,15
10/28/2018 6:47:02 AM,10,PAU,37:59.3,39:00.0,0,0,NN_Char_Charge,4.18765,0,23.87099,2.77136,10.7843,15
10/28/2018 6:48:02 AM,10,PAU,38:59.3,40:00.0,0,0,NN_Char_Charge,4.18748,0,23.87099,2.77136,10.7843,15
10/28/2018 6:49:02 AM,10,PAU,39:59.3,41:00.0,0,0,NN_Char_Charge,4.18731,0,23.87099,2.77136,10.7843,15
10/28/2018 6:50:02 AM,10,PAU,40:59.3,42:00.0,0,0,NN_Char_Charge,4.18731,0,23.87099,2.77136,10.7843,15
10/28/2018 6:51:02 AM,10,PAU,41:59.3,43:00.0,0,0,NN_Char_Charge,4.18714,0,23.87099,2.77136,10.7843,15
10/28/2018 6:52:02 AM,10,PAU,42:59.3,44:00.0,0,0,NN_Char_Charge,4.18714,0,23.87099,2.77136,10.7843,15
10/28/2018 6:53:02 AM,10,PAU,43:59.3,45:00.0,0,0,NN_Char_Charge,4.18697,0,23.97615,2.77136,10.7843,15
10/28/2018 6:54:02 AM,10,PAU,44:59.3,46:00.0,0,0,NN_Char_Charge,4.18697,0,23.87099,2.77136,10.7843,15
10/28/2018 6:55:02 AM,10,PAU,45:59.3,47:00.0,0,0,NN_Char_Charge,4.18681,0,23.87099,2.77136,10.7843,15
10/28/2018 6:56:02 AM,10,PAU,46:59.3,48:00.0,0,0,NN_Char_Charge,4.18664,0,23.87099,2.77136,10.7843,15
10/28/2018 6:57:02 AM,10,PAU,47:59.3,49:00.0,0,0,NN_Char_Charge,4.18664,0,23.97615,2.77136,10.7843,15
10/28/2018 6:58:02 AM,10,PAU,48:59.3,50:00.0,0,0,NN_Char_Charge,4.18647,0,23.87099,2.77136,10.7843,15
10/28/2018 6:59:02 AM,10,PAU,49:59.3,51:00.0,0,0,NN_Char_Charge,4.18647,0,23.76583,2.77136,10.7843,15
10/28/2018 7:00:02 AM,10,PAU,50:59.3,52:00.0,0,0,NN_Char_Charge,4.1863,0,23.87099,2.77136,10.7843,15
10/28/2018 7:01:02 AM,10,PAU,51:59.3,53:00.0,0,0,NN_Char_Charge,4.1863,0,23.87099,2.77136,10.7843,15
10/28/2018 7:02:02 AM,10,PAU,52:59.3,54:00.0,0,0,NN_Char_Charge,4.18613,0,23.76583,2.77136,10.7843,15
10/28/2018 7:03:02 AM,10,PAU,53:59.3,55:00.0,0,0,NN_Char_Charge,4.18613,0,23.87099,2.77136,10.7843,15
10/28/2018 7:04:02 AM,10,PAU,54:59.3,56:00.0,0,0,NN_Char_Charge,4.18596,0,23.76583,2.77136,10.7843,15
10/28/2018 7:05:02 AM,10,PAU,55:59.3,57:00.0,0,0,NN_Char_Charge,4.18596,0,23.76583,2.77136,10.7843,15
10/28/2018 7:06:02 AM,10,PAU,56:59.3,58:00.0,0,0,NN_Char_Charge,4.18579,0,23.87099,2.77136,10.7843,15
10/28/2018 7:07:02 AM,10,PAU,57:59.3,59:00.0,0,0,NN_Char_Charge,4.18579,0,23.87099,2.77136,10.7843,15
10/28/2018 7:08:02 AM,10,PAU,58:59.3,00:00.0,0,0,NN_Char_Charge,4.18579,0,23.87099,2.77136,10.7843,15
10/28/2018 7:08:02 AM,10,PAU,58:59.3,00:00.0,0,0,NN_Char_Charge,4.18579,0,23.87099,2.77136,10.7843,15
10/28/2018 7:35:51 AM,4,PAU,26:48.2,01:00.0,0,0,NN_Char_Charge,3.10243,0,27.44638,0,0,16
10/28/2018 7:36:51 AM,4,PAU,27:48.2,02:00.0,0,0,NN_Char_Charge,3.12165,0,26.60511,0,0,16
10/28/2018 7:37:51 AM,4,PAU,28:48.2,03:00.0,0,0,NN_Char_Charge,3.12991,0,25.76384,0,0,16
10/28/2018 7:38:51 AM,4,PAU,29:48.2,04:00.0,0,0,NN_Char_Charge,3.13513,0,25.34321,0,0,16
10/28/2018 7:39:51 AM,4,PAU,30:48.2,05:00.0,0,0,NN_Char_Charge,3.13884,0,25.02773,0,0,16
10/28/2018 7:40:51 AM,4,PAU,31:48.2,06:00.0,0,0,NN_Char_Charge,3.14187,0,24.92257,0,0,16
10/28/2018 7:41:51 AM,4,PAU,32:48.2,07:00.0,0,0,NN_Char_Charge,3.1444,0,24.6071,0,0,16
10/28/2018 7:42:51 AM,4,PAU,33:48.2,08:00.0,0,0,NN_Char_Charge,3.14659,0,24.39678,0,0,16
10/28/2018 7:43:51 AM,4,PAU,34:48.2,09:00.0,0,0,NN_Char_Charge,3.14845,0,24.29162,0,0,16
10/28/2018 7:44:51 AM,4,PAU,35:48.2,10:00.0,0,0,NN_Char_Charge,3.14997,0,24.18646,0,0,16
10/28/2018 7:45:51 AM,4,PAU,36:48.2,11:00.0,0,0,NN_Char_Charge,3.15148,0,23.97615,0,0,16
10/28/2018 7:46:51 AM,4,PAU,37:48.2,12:00.0,0,0,NN_Char_Charge,3.15283,0,24.0813,0,0,16
10/28/2018 7:47:51 AM,4,PAU,38:48.2,13:00.0,0,0,NN_Char_Charge,3.15418,0,23.97615,0,0,16
10/28/2018 7:48:51 AM,4,PAU,39:48.2,14:00.0,0,0,NN_Char_Charge,3.15536,0,23.87099,0,0,16
10/28/2018 7:49:51 AM,4,PAU,40:48.2,15:00.0,0,0,NN_Char_Charge,3.15637,0,23.97615,0,0,16
10/28/2018 7:50:51 AM,4,PAU,41:48.2,16:00.0,0,0,NN_Char_Charge,3.15738,0,23.87099,0,0,16
10/28/2018 7:51:51 AM,4,PAU,42:48.2,17:00.0,0,0,NN_Char_Charge,3.15839,0,23.97615,0,0,16
10/28/2018 7:52:51 AM,4,PAU,43:48.2,18:00.0,0,0,NN_Char_Charge,3.1594,0,23.87099,0,0,16
10/28/2018 7:53:51 AM,4,PAU,44:48.2,19:00.0,0,0,NN_Char_Charge,3.16025,0,23.97615,0,0,16
10/28/2018 7:54:51 AM,4,PAU,45:48.2,20:00.0,0,0,NN_Char_Charge,3.16109,0,23.87099,0,0,16
10/28/2018 7:55:51 AM,4,PAU,46:48.2,21:00.0,0,0,NN_Char_Charge,3.16176,0,23.87099,0,0,16
10/28/2018 7:56:51 AM,4,PAU,47:48.2,22:00.0,0,0,NN_Char_Charge,3.16261,0,23.87099,0,0,16
10/28/2018 7:57:51 AM,4,PAU,48:48.2,23:00.0,0,0,NN_Char_Charge,3.16328,0,23.87099,0,0,16
10/28/2018 7:58:51 AM,4,PAU,49:48.2,24:00.0,0,0,NN_Char_Charge,3.16396,0,23.87099,0,0,16
10/28/2018 7:59:51 AM,4,PAU,50:48.2,25:00.0,0,0,NN_Char_Charge,3.16463,0,23.76583,0,0,16
10/28/2018 8:00:51 AM,4,PAU,51:48.2,26:00.0,0,0,NN_Char_Charge,3.1653,0,23.87099,0,0,16
10/28/2018 8:01:51 AM,4,PAU,52:48.2,27:00.0,0,0,NN_Char_Charge,3.16598,0,23.97615,0,0,16
10/28/2018 8:02:51 AM,4,PAU,53:48.2,28:00.0,0,0,NN_Char_Charge,3.16648,0,23.97615,0,0,16
10/28/2018 8:03:51 AM,4,PAU,54:48.2,29:00.0,0,0,NN_Char_Charge,3.16716,0,23.87099,0,0,16
10/28/2018 8:04:51 AM,4,PAU,55:48.2,30:00.0,0,0,NN_Char_Charge,3.16766,0,23.87099,0,0,16
10/28/2018 8:05:51 AM,4,PAU,56:48.2,31:00.0,0,0,NN_Char_Charge,3.16834,0,23.87099,0,0,16
10/28/2018 8:06:51 AM,4,PAU,57:48.2,32:00.0,0,0,NN_Char_Charge,3.16884,0,23.76583,0,0,16
10/28/2018 8:07:51 AM,4,PAU,58:48.2,33:00.0,0,0,NN_Char_Charge,3.16935,0,23.87099,0,0,16
10/28/2018 8:08:51 AM,4,PAU,59:48.2,34:00.0,0,0,NN_Char_Charge,3.16986,0,23.87099,0,0,16
10/28/2018 8:09:51 AM,4,PAU,00:48.2,35:00.0,0,0,NN_Char_Charge,3.17036,0,23.87099,0,0,16
10/28/2018 8:10:51 AM,4,PAU,01:48.2,36:00.0,0,0,NN_Char_Charge,3.1707,0,23.87099,0,0,16
10/28/2018 8:11:51 AM,4,PAU,02:48.2,37:00.0,0,0,NN_Char_Charge,3.1712,0,23.87099,0,0,16
10/28/2018 8:12:51 AM,4,PAU,03:48.2,38:00.0,0,0,NN_Char_Charge,3.17171,0,23.76583,0,0,16
10/28/2018 8:13:51 AM,4,PAU,04:48.2,39:00.0,0,0,NN_Char_Charge,3.17205,0,23.87099,0,0,16
10/28/2018 8:14:51 AM,4,PAU,05:48.2,40:00.0,0,0,NN_Char_Charge,3.17255,0,23.87099,0,0,16
10/28/2018 8:15:51 AM,4,PAU,06:48.2,41:00.0,0,0,NN_Char_Charge,3.17306,0,23.87099,0,0,16
10/28/2018 8:16:51 AM,4,PAU,07:48.2,42:00.0,0,0,NN_Char_Charge,3.1734,0,23.87099,0,0,16
10/28/2018 8:17:51 AM,4,PAU,08:48.2,43:00.0,0,0,NN_Char_Charge,3.1739,0,23.87099,0,0,16
10/28/2018 8:18:51 AM,4,PAU,09:48.2,44:00.0,0,0,NN_Char_Charge,3.17424,0,23.76583,0,0,16
10/28/2018 8:19:51 AM,4,PAU,10:48.2,45:00.0,0,0,NN_Char_Charge,3.17458,0,23.87099,0,0,16
10/28/2018 8:20:51 AM,4,PAU,11:48.2,46:00.0,0,0,NN_Char_Charge,3.17491,0,23.87099,0,0,16
10/28/2018 8:21:51 AM,4,PAU,12:48.2,47:00.0,0,0,NN_Char_Charge,3.17542,0,23.87099,0,0,16
10/28/2018 8:22:51 AM,4,PAU,13:48.2,48:00.0,0,0,NN_Char_Charge,3.17576,0,23.87099,0,0,16
10/28/2018 8:23:51 AM,4,PAU,14:48.2,49:00.0,0,0,NN_Char_Charge,3.17609,0,23.87099,0,0,16
10/28/2018 8:24:51 AM,4,PAU,15:48.2,50:00.0,0,0,NN_Char_Charge,3.17643,0,23.87099,0,0,16
10/28/2018 8:25:51 AM,4,PAU,16:48.2,51:00.0,0,0,NN_Char_Charge,3.17677,0,23.76583,0,0,16
10/28/2018 8:26:51 AM,4,PAU,17:48.2,52:00.0,0,0,NN_Char_Charge,3.1771,0,23.87099,0,0,16
10/28/2018 8:27:51 AM,4,PAU,18:48.2,53:00.0,0,0,NN_Char_Charge,3.17744,0,23.87099,0,0,16
10/28/2018 8:28:51 AM,4,PAU,19:48.2,54:00.0,0,0,NN_Char_Charge,3.17761,0,23.76583,0,0,16
10/28/2018 8:29:51 AM,4,PAU,20:48.2,55:00.0,0,0,NN_Char_Charge,3.17795,0,23.76583,0,0,16
10/28/2018 8:30:51 AM,4,PAU,21:48.2,56:00.0,0,0,NN_Char_Charge,3.17828,0,23.87099,0,0,16
10/28/2018 8:31:51 AM,4,PAU,22:48.2,57:00.0,0,0,NN_Char_Charge,3.17862,0,23.87099,0,0,16
10/28/2018 8:32:51 AM,4,PAU,23:48.2,58:00.0,0,0,NN_Char_Charge,3.17879,0,23.87099,0,0,16
10/28/2018 8:33:51 AM,4,PAU,24:48.2,59:00.0,0,0,NN_Char_Charge,3.17913,0,23.76583,0,0,16
10/28/2018 8:34:51 AM,4,PAU,25:48.2,00:00.0,0,0,NN_Char_Charge,3.17946,0,23.87099,0,0,16
10/28/2018 8:34:51 AM,4,PAU,25:48.2,00:00.0,0,0,NN_Char_Charge,3.17946,0,23.87099,0,0,16
10/28/2018 8:35:51 AM,5,CHA,26:48.2,01:00.0,0,0,NN_Char_Charge,3.44512,2.99853,23.97615,0.04998,0.1685,16
10/28/2018 8:36:51 AM,5,CHA,27:48.2,02:00.0,0,0,NN_Char_Charge,3.51272,2.99853,24.0813,0.09995,0.34263,16
10/28/2018 8:37:51 AM,5,CHA,28:48.2,03:00.0,0,0,NN_Char_Charge,3.53648,2.99853,23.97615,0.14994,0.51885,16
10/28/2018 8:38:51 AM,5,CHA,29:48.2,04:00.0,0,0,NN_Char_Charge,3.55873,2.99853,24.0813,0.19992,0.69616,16
10/28/2018 8:39:51 AM,5,CHA,30:48.2,05:00.0,0,0,NN_Char_Charge,3.58031,2.99853,24.50194,0.24989,0.87455,16
10/28/2018 8:40:51 AM,5,CHA,31:48.2,06:00.0,0,0,NN_Char_Charge,3.60037,2.99853,24.71226,0.29987,1.05399,16
10/28/2018 8:41:51 AM,5,CHA,32:48.2,07:00.0,0,0,NN_Char_Charge,3.61874,2.99853,24.6071,0.34984,1.23438,16
10/28/2018 8:42:51 AM,5,CHA,33:48.2,08:00.0,0,0,NN_Char_Charge,3.63678,2.99853,24.50194,0.39982,1.4157,16
10/28/2018 8:43:51 AM,5,CHA,34:48.2,09:00.0,0,0,NN_Char_Charge,3.65364,2.99853,24.50194,0.4498,1.59787,16
10/28/2018 8:44:51 AM,5,CHA,35:48.2,10:00.0,0,0,NN_Char_Charge,3.6683,2.99853,24.6071,0.49977,1.78084,16
10/28/2018 8:45:51 AM,5,CHA,36:48.2,11:00.0,0,0,NN_Char_Charge,3.68111,2.99853,24.81741,0.54975,1.9645,16
10/28/2018 8:46:51 AM,5,CHA,37:48.2,12:00.0,0,0,NN_Char_Charge,3.69257,2.99853,24.81741,0.59973,2.14876,16
10/28/2018 8:47:51 AM,5,CHA,38:48.2,13:00.0,0,0,NN_Char_Charge,3.70421,2.99853,24.71226,0.6497,2.33358,16
10/28/2018 8:48:51 AM,5,CHA,39:48.2,14:00.0,0,0,NN_Char_Charge,3.71634,2.99853,24.6071,0.69968,2.51902,16
10/28/2018 8:49:51 AM,5,CHA,40:48.2,15:00.0,0,0,NN_Char_Charge,3.72898,2.99853,24.6071,0.74966,2.70506,16
10/28/2018 8:50:51 AM,5,CHA,41:48.2,16:00.0,0,0,NN_Char_Charge,3.7418,2.99853,24.6071,0.79964,2.89178,16
10/28/2018 8:51:51 AM,5,CHA,42:48.2,17:00.0,0,0,NN_Char_Charge,3.7541,2.99853,24.71226,0.84962,3.07907,16
10/28/2018 8:52:51 AM,5,CHA,43:48.2,18:00.0,0,0,NN_Char_Charge,3.76607,2.99853,24.81741,0.8996,3.267,16
10/28/2018 8:53:51 AM,5,CHA,44:48.2,19:00.0,0,0,NN_Char_Charge,3.77804,2.99853,24.71226,0.94957,3.4555,16
10/28/2018 8:54:51 AM,5,CHA,45:48.2,20:00.0,0,0,NN_Char_Charge,3.79085,2.99853,24.71226,0.99955,3.64464,16
10/28/2018 8:55:51 AM,5,CHA,46:48.2,21:00.0,0,0,NN_Char_Charge,3.80433,2.99853,24.71226,1.04953,3.83443,16
10/28/2018 8:56:51 AM,5,CHA,47:48.2,22:00.0,0,0,NN_Char_Charge,3.81883,2.99853,24.92257,1.0995,4.02492,16
10/28/2018 8:57:51 AM,5,CHA,48:48.2,23:00.0,0,0,NN_Char_Charge,3.83434,2.99853,24.92257,1.14948,4.21615,16
10/28/2018 8:58:51 AM,5,CHA,49:48.2,24:00.0,0,0,NN_Char_Charge,3.85103,2.99853,24.71226,1.19945,4.40818,16
10/28/2018 8:59:51 AM,5,CHA,50:48.2,25:00.0,0,0,NN_Char_Charge,3.86872,2.99853,24.92257,1.24943,4.60109,16
10/28/2018 9:00:51 AM,5,CHA,51:48.2,26:00.0,0,0,NN_Char_Charge,3.88693,2.99853,25.02773,1.29941,4.79489,16
10/28/2018 9:01:51 AM,5,CHA,52:48.2,27:00.0,0,0,NN_Char_Charge,3.90513,2.99853,24.92257,1.34938,4.98959,16
10/28/2018 9:02:51 AM,5,CHA,53:48.2,28:00.0,0,0,NN_Char_Charge,3.92351,2.99853,24.92257,1.39936,5.18521,16
10/28/2018 9:03:51 AM,5,CHA,54:48.2,29:00.0,0,0,NN_Char_Charge,3.94154,2.99853,24.92257,1.44934,5.38175,16
10/28/2018 9:04:51 AM,5,CHA,55:48.2,30:00.0,0,0,NN_Char_Charge,3.95941,2.99853,24.92257,1.49931,5.57919,16
10/28/2018 9:05:51 AM,5,CHA,56:48.2,31:00.0,0,0,NN_Char_Charge,3.97661,2.99853,25.02773,1.54929,5.7775,16
10/28/2018 9:06:51 AM,5,CHA,57:48.2,32:00.0,0,0,NN_Char_Charge,3.99346,2.99853,24.92257,1.59927,5.97666,16
10/28/2018 9:07:51 AM,5,CHA,58:48.2,33:00.0,0,0,NN_Char_Charge,4.00998,2.99853,24.92257,1.64924,6.17665,16
10/28/2018 9:08:51 AM,5,CHA,59:48.2,34:00.0,0,0,NN_Char_Charge,4.02633,2.99853,25.02773,1.69922,6.37746,16
10/28/2018 9:09:51 AM,5,CHA,00:48.2,35:00.0,0,0,NN_Char_Charge,4.04268,2.99853,25.13289,1.74919,6.57908,16
10/28/2018 9:10:51 AM,5,CHA,01:48.2,36:00.0,0,0,NN_Char_Charge,4.05937,2.99853,25.02773,1.79917,6.78154,16
10/28/2018 9:11:51 AM,5,CHA,02:48.2,37:00.0,0,0,NN_Char_Charge,4.07707,2.99853,25.02773,1.84915,6.98485,16
10/28/2018 9:12:51 AM,5,CHA,03:48.2,38:00.0,0,0,NN_Char_Charge,4.09578,2.99853,25.13289,1.89913,7.18908,16
10/28/2018 9:13:51 AM,5,CHA,04:48.2,39:00.0,0,0,NN_Char_Charge,4.1155,2.99853,25.02773,1.9491,7.39426,16
10/28/2018 9:14:51 AM,5,CHA,05:48.2,40:00.0,0,0,NN_Char_Charge,4.1364,2.99853,25.13289,1.99908,7.60045,16
10/28/2018 9:15:51 AM,5,CHA,06:48.2,41:00.0,0,0,NN_Char_Charge,4.15781,2.99853,25.02773,2.04905,7.8077,16
10/28/2018 9:16:51 AM,5,CHA,07:48.2,42:00.0,0,0,NN_Char_Charge,4.17905,2.99853,25.13289,2.09903,8.01603,16
10/28/2018 9:17:51 AM,5,CHA,08:48.2,43:00.0,0,0,NN_Char_Charge,4.19928,2.99853,25.02773,2.149,8.22539,16
10/28/2018 9:18:51 AM,5,CHA,09:48.2,44:00.0,0,0,NN_Char_Charge,4.19995,2.54901,25.13289,2.19471,8.41735,16
10/28/2018 9:19:51 AM,5,CHA,10:48.2,45:00.0,0,0,NN_Char_Charge,4.19979,2.29104,25.13289,2.23492,8.58625,16
10/28/2018 9:20:51 AM,5,CHA,11:48.2,46:00.0,0,0,NN_Char_Charge,4.19979,2.10459,24.92257,2.2715,8.73985,16
10/28/2018 9:21:51 AM,5,CHA,12:48.2,47:00.0,0,0,NN_Char_Charge,4.19995,1.95901,24.81741,2.30531,8.88184,16
10/28/2018 9:22:51 AM,5,CHA,13:48.2,48:00.0,0,0,NN_Char_Charge,4.19979,1.83385,24.81741,2.3369,9.01452,16
10/28/2018 9:23:51 AM,5,CHA,14:48.2,49:00.0,0,0,NN_Char_Charge,4.19979,1.72658,24.81741,2.36657,9.13914,16
10/28/2018 9:24:51 AM,5,CHA,15:48.2,50:00.0,0,0,NN_Char_Charge,4.19979,1.62697,24.6071,2.39453,9.25655,16
10/28/2018 9:25:51 AM,5,CHA,16:48.2,51:00.0,0,0,NN_Char_Charge,4.19979,1.53247,24.50194,2.42087,9.36718,16
10/28/2018 9:26:51 AM,5,CHA,17:48.2,52:00.0,0,0,NN_Char_Charge,4.19979,1.44307,24.6071,2.44566,9.47129,16
10/28/2018 9:27:51 AM,5,CHA,18:48.2,53:00.0,0,0,NN_Char_Charge,4.19979,1.35623,24.6071,2.46897,9.56918,16
10/28/2018 9:28:51 AM,5,CHA,19:48.2,54:00.0,0,0,NN_Char_Charge,4.19979,1.26429,24.50194,2.4908,9.66086,16
10/28/2018 9:29:51 AM,5,CHA,20:48.2,55:00.0,0,0,NN_Char_Charge,4.19979,1.17234,24.39678,2.51113,9.74624,16
10/28/2018 9:30:51 AM,5,CHA,21:48.2,56:00.0,0,0,NN_Char_Charge,4.19979,1.08294,24.39678,2.52994,9.82525,16
10/28/2018 9:31:51 AM,5,CHA,22:48.2,57:00.0,0,0,NN_Char_Charge,4.19979,0.99355,24.39678,2.54726,9.89799,16
10/28/2018 9:32:51 AM,5,CHA,23:48.2,58:00.0,0,0,NN_Char_Charge,4.19979,0.90671,24.39678,2.56312,9.96459,16
10/28/2018 9:33:51 AM,5,CHA,24:48.2,59:00.0,0,0,NN_Char_Charge,4.19979,0.82242,24.0813,2.57753,10.02514,16
10/28/2018 9:34:51 AM,5,CHA,25:48.2,00:00.0,0,0,NN_Char_Charge,4.19979,0.74069,24.18646,2.59056,10.07985,16
10/28/2018 9:35:51 AM,5,CHA,26:48.2,01:00.0,0,0,NN_Char_Charge,4.19979,0.66407,24.29162,2.60226,10.129,16
10/28/2018 9:36:51 AM,5,CHA,27:48.2,02:00.0,0,0,NN_Char_Charge,4.19979,0.59511,24.29162,2.61276,10.17308,16
10/28/2018 9:37:51 AM,5,CHA,28:48.2,03:00.0,0,0,NN_Char_Charge,4.19979,0.5287,23.97615,2.62212,10.21241,16
10/28/2018 9:38:51 AM,5,CHA,29:48.2,04:00.0,0,0,NN_Char_Charge,4.19979,0.46996,23.97615,2.63045,10.24738,16
10/28/2018 9:39:51 AM,5,CHA,30:48.2,05:00.0,0,0,NN_Char_Charge,4.19979,0.41632,24.0813,2.63784,10.27839,16
10/28/2018 9:40:51 AM,5,CHA,31:48.2,06:00.0,0,0,NN_Char_Charge,4.19979,0.3729,24.29162,2.64439,10.30594,16
10/28/2018 9:41:51 AM,5,CHA,32:48.2,07:00.0,0,0,NN_Char_Charge,4.19979,0.32948,24.0813,2.65022,10.3304,16
10/28/2018 9:42:51 AM,5,CHA,33:48.2,08:00.0,0,0,NN_Char_Charge,4.19979,0.29117,23.87099,2.65539,10.35213,16
10/28/2018 9:43:51 AM,5,CHA,34:48.2,09:00.0,0,0,NN_Char_Charge,4.19979,0.26052,23.97615,2.65999,10.37142,16
10/28/2018 9:44:51 AM,5,CHA,35:48.2,10:00.0,0,0,NN_Char_Charge,4.19979,0.22987,24.0813,2.66407,10.38858,16
10/28/2018 9:45:51 AM,5,CHA,36:48.2,11:00.0,0,0,NN_Char_Charge,4.19979,0.20688,24.0813,2.66771,10.40386,16
10/28/2018 9:46:51 AM,5,CHA,37:48.2,12:00.0,0,0,NN_Char_Charge,4.19979,0.1839,23.76583,2.67096,10.4175,16
10/28/2018 9:47:51 AM,5,CHA,38:48.2,13:00.0,0,0,NN_Char_Charge,4.19979,0.16602,23.76583,2.67387,10.42973,16
10/28/2018 9:48:51 AM,5,CHA,39:48.2,14:00.0,0,0,NN_Char_Charge,4.19979,0.15069,24.0813,2.67649,10.44074,16
10/28/2018 9:49:51 AM,5,CHA,40:48.2,15:00.0,0,0,NN_Char_Charge,4.19979,0.13537,24.18646,2.67885,10.45065,16
10/28/2018 9:50:51 AM,5,CHA,41:48.2,16:00.0,0,0,NN_Char_Charge,4.19979,0.1226,23.87099,2.68099,10.45962,16
10/28/2018 9:51:51 AM,5,CHA,42:48.2,17:00.0,0,0,NN_Char_Charge,4.19979,0.10983,23.76583,2.68293,10.46778,16
10/28/2018 9:52:51 AM,5,CHA,43:48.2,18:00.0,0,0,NN_Char_Charge,4.19979,0.10216,23.76583,2.6847,10.47521,16
10/28/2018 9:53:51 AM,5,CHA,44:48.2,19:00.0,0,0,NN_Char_Charge,4.19979,0.09195,23.87099,2.6863,10.48195,16
10/28/2018 9:54:51 AM,5,CHA,45:48.2,20:00.0,0,0,NN_Char_Charge,4.19979,0.08429,23.97615,2.68778,10.48813,16
10/28/2018 9:55:51 AM,5,CHA,46:48.2,21:00.0,0,0,NN_Char_Charge,4.19979,0.07662,23.87099,2.68913,10.4938,16
10/28/2018 9:56:51 AM,5,CHA,47:48.2,22:00.0,0,0,NN_Char_Charge,4.19979,0.07152,23.97615,2.69037,10.49903,16
10/28/2018 9:57:51 AM,5,CHA,48:48.2,23:00.0,0,0,NN_Char_Charge,4.19979,0.06641,23.76583,2.69152,10.50386,16
10/28/2018 9:58:51 AM,5,CHA,49:48.2,24:00.0,0,0,NN_Char_Charge,4.19979,0.0613,23.87099,2.69259,10.50834,16
10/28/2018 9:59:51 AM,5,CHA,50:48.2,25:00.0,0,0,NN_Char_Charge,4.19979,0.05619,23.97615,2.69357,10.51247,16
10/28/2018 10:00:51 AM,5,CHA,51:48.2,26:00.0,0,0,NN_Char_Charge,4.19979,0.05364,23.87099,2.69448,10.5163,16
10/28/2018 10:01:51 AM,5,CHA,52:48.2,27:00.0,0,0,NN_Char_Charge,4.19979,0.05108,23.87099,2.69535,10.51992,16
10/28/2018 10:01:52 AM,5,CHA,52:49.7,27:01.5,0,0,NN_Char_Charge,4.19979,0.04853,23.87099,2.69537,10.52001,16
10/28/2018 10:02:52 AM,7,PAU,53:49.7,01:00.0,0,0,NN_Char_Charge,4.19726,0,23.87099,2.69537,10.52001,17
10/28/2018 10:02:52 AM,7,PAU,53:49.7,01:00.0,0,0,NN_Char_Charge,4.19726,0,23.87099,2.69537,10.52001,17
10/28/2018 10:03:52 AM,10,PAU,54:49.7,01:00.0,0,0,NN_Char_Charge,4.19641,0,23.87099,2.69537,10.52001,17
10/28/2018 10:04:52 AM,10,PAU,55:49.7,02:00.0,0,0,NN_Char_Charge,4.19574,0,23.97615,2.69537,10.52001,17
10/28/2018 10:05:52 AM,10,PAU,56:49.7,03:00.0,0,0,NN_Char_Charge,4.19523,0,23.87099,2.69537,10.52001,17
10/28/2018 10:06:52 AM,10,PAU,57:49.7,04:00.0,0,0,NN_Char_Charge,4.19473,0,23.87099,2.69537,10.52001,17
10/28/2018 10:07:52 AM,10,PAU,58:49.7,05:00.0,0,0,NN_Char_Charge,4.19422,0,23.87099,2.69537,10.52001,17
10/28/2018 10:08:52 AM,10,PAU,59:49.7,06:00.0,0,0,NN_Char_Charge,4.19389,0,23.87099,2.69537,10.52001,17
10/28/2018 10:09:52 AM,10,PAU,00:49.7,07:00.0,0,0,NN_Char_Charge,4.19355,0,23.97615,2.69537,10.52001,17
10/28/2018 10:10:52 AM,10,PAU,01:49.7,08:00.0,0,0,NN_Char_Charge,4.19321,0,23.87099,2.69537,10.52001,17
10/28/2018 10:11:52 AM,10,PAU,02:49.7,09:00.0,0,0,NN_Char_Charge,4.19287,0,23.76583,2.69537,10.52001,17
10/28/2018 10:12:52 AM,10,PAU,03:49.7,10:00.0,0,0,NN_Char_Charge,4.19254,0,23.76583,2.69537,10.52001,17
10/28/2018 10:13:52 AM,10,PAU,04:49.7,11:00.0,0,0,NN_Char_Charge,4.1922,0,23.87099,2.69537,10.52001,17
10/28/2018 10:14:52 AM,10,PAU,05:49.7,12:00.0,0,0,NN_Char_Charge,4.19203,0,23.87099,2.69537,10.52001,17
10/28/2018 10:15:52 AM,10,PAU,06:49.7,13:00.0,0,0,NN_Char_Charge,4.19169,0,23.76583,2.69537,10.52001,17
10/28/2018 10:16:52 AM,10,PAU,07:49.7,14:00.0,0,0,NN_Char_Charge,4.19153,0,23.87099,2.69537,10.52001,17
10/28/2018 10:17:52 AM,10,PAU,08:49.7,15:00.0,0,0,NN_Char_Charge,4.19119,0,23.76583,2.69537,10.52001,17
10/28/2018 10:18:52 AM,10,PAU,09:49.7,16:00.0,0,0,NN_Char_Charge,4.19102,0,23.87099,2.69537,10.52001,17
10/28/2018 10:19:52 AM,10,PAU,10:49.7,17:00.0,0,0,NN_Char_Charge,4.19085,0,23.87099,2.69537,10.52001,17
10/28/2018 10:20:52 AM,10,PAU,11:49.7,18:00.0,0,0,NN_Char_Charge,4.19068,0,23.76583,2.69537,10.52001,17
10/28/2018 10:21:52 AM,10,PAU,12:49.7,19:00.0,0,0,NN_Char_Charge,4.19035,0,23.76583,2.69537,10.52001,17
10/28/2018 10:22:52 AM,10,PAU,13:49.7,20:00.0,0,0,NN_Char_Charge,4.19018,0,23.76583,2.69537,10.52001,17
10/28/2018 10:23:52 AM,10,PAU,14:49.7,21:00.0,0,0,NN_Char_Charge,4.19001,0,23.87099,2.69537,10.52001,17
10/28/2018 10:24:52 AM,10,PAU,15:49.7,22:00.0,0,0,NN_Char_Charge,4.18984,0,23.87099,2.69537,10.52001,17
10/28/2018 10:25:52 AM,10,PAU,16:49.7,23:00.0,0,0,NN_Char_Charge,4.18967,0,23.76583,2.69537,10.52001,17
10/28/2018 10:26:52 AM,10,PAU,17:49.7,24:00.0,0,0,NN_Char_Charge,4.1895,0,23.76583,2.69537,10.52001,17
10/28/2018 10:27:52 AM,10,PAU,18:49.7,25:00.0,0,0,NN_Char_Charge,4.18933,0,23.87099,2.69537,10.52001,17
10/28/2018 10:28:52 AM,10,PAU,19:49.7,26:00.0,0,0,NN_Char_Charge,4.18917,0,23.87099,2.69537,10.52001,17
10/28/2018 10:29:52 AM,10,PAU,20:49.7,27:00.0,0,0,NN_Char_Charge,4.18917,0,23.76583,2.69537,10.52001,17
10/28/2018 10:30:52 AM,10,PAU,21:49.7,28:00.0,0,0,NN_Char_Charge,4.189,0,23.87099,2.69537,10.52001,17
10/28/2018 10:31:52 AM,10,PAU,22:49.7,29:00.0,0,0,NN_Char_Charge,4.18883,0,23.76583,2.69537,10.52001,17
10/28/2018 10:32:52 AM,10,PAU,23:49.7,30:00.0,0,0,NN_Char_Charge,4.18866,0,23.87099,2.69537,10.52001,17
10/28/2018 10:33:52 AM,10,PAU,24:49.7,31:00.0,0,0,NN_Char_Charge,4.18849,0,23.87099,2.69537,10.52001,17
10/28/2018 10:34:52 AM,10,PAU,25:49.7,32:00.0,0,0,NN_Char_Charge,4.18832,0,23.97615,2.69537,10.52001,17
10/28/2018 10:35:52 AM,10,PAU,26:49.7,33:00.0,0,0,NN_Char_Charge,4.18832,0,23.87099,2.69537,10.52001,17
10/28/2018 10:36:52 AM,10,PAU,27:49.7,34:00.0,0,0,NN_Char_Charge,4.18815,0,23.87099,2.69537,10.52001,17
10/28/2018 10:37:52 AM,10,PAU,28:49.7,35:00.0,0,0,NN_Char_Charge,4.18799,0,23.87099,2.69537,10.52001,17
10/28/2018 10:38:52 AM,10,PAU,29:49.7,36:00.0,0,0,NN_Char_Charge,4.18799,0,23.87099,2.69537,10.52001,17
10/28/2018 10:39:52 AM,10,PAU,30:49.7,37:00.0,0,0,NN_Char_Charge,4.18782,0,23.97615,2.69537,10.52001,17
10/28/2018 10:40:52 AM,10,PAU,31:49.7,38:00.0,0,0,NN_Char_Charge,4.18765,0,23.87099,2.69537,10.52001,17
10/28/2018 10:41:52 AM,10,PAU,32:49.7,39:00.0,0,0,NN_Char_Charge,4.18765,0,23.87099,2.69537,10.52001,17
10/28/2018 10:42:52 AM,10,PAU,33:49.7,40:00.0,0,0,NN_Char_Charge,4.18748,0,23.97615,2.69537,10.52001,17
10/28/2018 10:43:52 AM,10,PAU,34:49.7,41:00.0,0,0,NN_Char_Charge,4.18731,0,23.87099,2.69537,10.52001,17
10/28/2018 10:44:52 AM,10,PAU,35:49.7,42:00.0,0,0,NN_Char_Charge,4.18731,0,23.76583,2.69537,10.52001,17
10/28/2018 10:45:52 AM,10,PAU,36:49.7,43:00.0,0,0,NN_Char_Charge,4.18714,0,23.76583,2.69537,10.52001,17
10/28/2018 10:46:52 AM,10,PAU,37:49.7,44:00.0,0,0,NN_Char_Charge,4.18714,0,23.87099,2.69537,10.52001,17
10/28/2018 10:47:52 AM,10,PAU,38:49.7,45:00.0,0,0,NN_Char_Charge,4.18697,0,23.76583,2.69537,10.52001,17
10/28/2018 10:48:52 AM,10,PAU,39:49.7,46:00.0,0,0,NN_Char_Charge,4.18697,0,23.87099,2.69537,10.52001,17
10/28/2018 10:49:52 AM,10,PAU,40:49.7,47:00.0,0,0,NN_Char_Charge,4.18681,0,23.87099,2.69537,10.52001,17
10/28/2018 10:50:52 AM,10,PAU,41:49.7,48:00.0,0,0,NN_Char_Charge,4.18681,0,23.76583,2.69537,10.52001,17
10/28/2018 10:51:52 AM,10,PAU,42:49.7,49:00.0,0,0,NN_Char_Charge,4.18664,0,23.76583,2.69537,10.52001,17
10/28/2018 10:52:52 AM,10,PAU,43:49.7,50:00.0,0,0,NN_Char_Charge,4.18647,0,23.87099,2.69537,10.52001,17
10/28/2018 10:53:52 AM,10,PAU,44:49.7,51:00.0,0,0,NN_Char_Charge,4.18647,0,23.87099,2.69537,10.52001,17
10/28/2018 10:54:52 AM,10,PAU,45:49.7,52:00.0,0,0,NN_Char_Charge,4.18647,0,23.76583,2.69537,10.52001,17
10/28/2018 10:55:52 AM,10,PAU,46:49.7,53:00.0,0,0,NN_Char_Charge,4.1863,0,23.76583,2.69537,10.52001,17
10/28/2018 10:56:52 AM,10,PAU,47:49.7,54:00.0,0,0,NN_Char_Charge,4.1863,0,23.87099,2.69537,10.52001,17
10/28/2018 10:57:52 AM,10,PAU,48:49.7,55:00.0,0,0,NN_Char_Charge,4.18613,0,23.87099,2.69537,10.52001,17
10/28/2018 10:58:52 AM,10,PAU,49:49.7,56:00.0,0,0,NN_Char_Charge,4.18613,0,23.76583,2.69537,10.52001,17
10/28/2018 10:59:52 AM,10,PAU,50:49.7,57:00.0,0,0,NN_Char_Charge,4.18596,0,23.76583,2.69537,10.52001,17
10/28/2018 11:00:52 AM,10,PAU,51:49.7,58:00.0,0,0,NN_Char_Charge,4.18596,0,23.97615,2.69537,10.52001,17
10/28/2018 11:01:52 AM,10,PAU,52:49.7,59:00.0,0,0,NN_Char_Charge,4.18579,0,23.97615,2.69537,10.52001,17
10/28/2018 11:02:52 AM,10,PAU,53:49.7,00:00.0,0,0,NN_Char_Charge,4.18579,0,23.87099,2.69537,10.52001,17
10/28/2018 11:02:52 AM,10,PAU,53:49.7,00:00.0,0,0,NN_Char_Charge,4.18579,0,23.87099,2.69537,10.52001,17
10/28/2018 11:02:52 AM,9999,STO,53:49.7,00:00.0,0,0,LG_HG2_NN_Char,4.18579,0,23.87099,0,0,18
